Workbook

Sheet k_fold_output
A1: model_name | B1: fold | C1: best_epoch | D1: validate_accuracy | E1: validate_precision | F1: validate_recall | G1: validate_f1 | H1: validate_auroc | I1: validate_average_precision | J1: validate_TN | K1: validate_FP | L1: validate_FN | M1: validate_TP | N1: test_accuracy | O1: test_precision | P1: test_recall | Q1: test_f1 | R1: test_auroc | S1: test_average_precision | T1: test_TN | U1: test_FP | V1: test_FN | W1: test_TP
A2: fresh-medicalnet-18 | B2: 1 | C2: 34 | D2: 0.84313726 | E2: 0.32417583 | F2: 0.49166667 | G2: 0.39072847 | H2: 0.82061577 | I2: 0.29654428 | J2: 930 | K2: 123 | L2: 61 | M2: 59 | N2: 0.86605781 | O2: 0.32258064 | P2: 0.54545456 | Q2: 0.4054054 | R2: 0.84757626 | S2: 0.37488148 | T2: 1078 | U2: 126 | V2: 50 | W2: 60
A3: fresh-medicalnet-18 | B3: 2 | C3: 24 | D3: 0.87479675 | E3: 0.38636363 | F3: 0.59649122 | G3: 0.46896553 | H3: 0.88657022 | I3: 0.47210073 | J3: 1008 | K3: 108 | L3: 46 | M3: 68 | N3: 0.83789957 | O3: 0.25821596 | P3: 0.5 | Q3: 0.34055728 | R3: 0.78593332 | S3: 0.29977146 | T3: 1046 | U3: 158 | V3: 55 | W3: 55
A4: fresh-medicalnet-18 | B4: 3 | C4: 36 | D4: 0.88258785 | E4: 0.34482759 | F4: 0.36036035 | G4: 0.35242289 | H4: 0.83903003 | I4: 0.36322302 | J4: 1065 | K4: 76 | L4: 71 | M4: 40 | N4: 0.87899542 | O4: 0.33986929 | P4: 0.47272727 | Q4: 0.39543727 | R4: 0.81479156 | S4: 0.29309142 | T4: 1103 | U4: 101 | V4: 58 | W4: 52
A5: fresh-medicalnet-18 | B5: 4 | C5: 34 | D5: 0.8768844 | E5: 0.37016574 | F5: 0.67000002 | G5: 0.47686833 | H5: 0.87851006 | I5: 0.55413777 | J5: 980 | K5: 114 | L5: 33 | M5: 67 | N5: 0.84474885 | O5: 0.29565218 | P5: 0.61818182 | Q5: 0.40000001 | R5: 0.85419059 | S5: 0.35654956 | T5: 1042 | U5: 162 | V5: 42 | W5: 68
A6: fresh-medicalnet-34 | B6: 1 | C6: 47 | D6: 0.86104006 | E6: 0.37572256 | F6: 0.54166669 | G6: 0.44368601 | H6: 0.8345679 | I6: 0.4107185 | J6: 945 | K6: 108 | L6: 55 | M6: 65 | N6: 0.86529678 | O6: 0.31693989 | P6: 0.5272727 | Q6: 0.39590445 | R6: 0.84269857 | S6: 0.35345256 | T6: 1079 | U6: 125 | V6: 52 | W6: 58
A7: fresh-medicalnet-34 | B7: 2 | C7: 46 | D7: 0.91707319 | E7: 0.57317072 | F7: 0.41228071 | G7: 0.47959185 | H7: 0.88806361 | I7: 0.51720136 | J7: 1081 | K7: 35 | L7: 67 | M7: 47 | N7: 0.89726025 | O7: 0.32394367 | P7: 0.2090909 | Q7: 0.25414366 | R7: 0.78586531 | S7: 0.27040511 | T7: 1156 | U7: 48 | V7: 87 | W7: 23
A8: fresh-medicalnet-34 | B8: 3 | C8: 22 | D8: 0.88658148 | E8: 0.37190083 | F8: 0.4054054 | G8: 0.38793105 | H8: 0.84649146 | I8: 0.33777294 | J8: 1065 | K8: 76 | L8: 66 | M8: 45 | N8: 0.87975645 | O8: 0.30645162 | P8: 0.34545454 | Q8: 0.32478634 | R8: 0.81576556 | S8: 0.30284184 | T8: 1118 | U8: 86 | V8: 72 | W8: 38
A9: fresh-medicalnet-34 | B9: 4 | C9: 43 | D9: 0.92294806 | E9: 0.55714285 | F9: 0.38999999 | G9: 0.45882353 | H9: 0.86962527 | I9: 0.4858034 | J9: 1063 | K9: 31 | L9: 61 | M9: 39 | N9: 0.89117199 | O9: 0.24615385 | P9: 0.14545454 | Q9: 0.18285714 | R9: 0.83652973 | S9: 0.27166513 | T9: 1155 | U9: 49 | V9: 94 | W9: 16
A10: fresh-medicalnet-50 | B10: 1 | C10: 28 | D10: 0.89002556 | E10: 0.45945945 | F10: 0.42500001 | G10: 0.44155845 | H10: 0.83556497 | I10: 0.42802811 | J10: 993 | K10: 60 | L10: 69 | M10: 51 | N10: 0.89345509 | O10: 0.3828125 | P10: 0.44545454 | Q10: 0.41176471 | R10: 0.85384315 | S10: 0.37506282 | T10: 1125 | U10: 79 | V10: 61 | W10: 49
A11: fresh-medicalnet-50 | B11: 2 | C11: 9 | D11: 0.90894312 | E11: 0.51190478 | F11: 0.37719297 | G11: 0.43434343 | H11: 0.88175189 | I11: 0.45915222 | J11: 1075 | K11: 41 | L11: 71 | M11: 43 | N11: 0.90258753 | O11: 0.39024389 | P11: 0.29090908 | Q11: 0.33333334 | R11: 0.8528617 | S11: 0.33635324 | T11: 1154 | U11: 50 | V11: 78 | W11: 32
A12: fresh-medicalnet-50 | B12: 3 | C12: 18 | D12: 0.90575081 | E12: 0.45333335 | F12: 0.3063063 | G12: 0.36559141 | H12: 0.82869464 | I12: 0.39162976 | J12: 1100 | K12: 41 | L12: 77 | M12: 34 | N12: 0.9041096 | O12: 0.37096775 | P12: 0.2090909 | Q12: 0.26744187 | R12: 0.84774995 | S12: 0.32019734 | T12: 1165 | U12: 39 | V12: 87 | W12: 23
A13: fresh-medicalnet-50 | B13: 4 | C13: 16 | D13: 0.89782244 | E13: 0.40983605 | F13: 0.5 | G13: 0.45045045 | H13: 0.86980808 | I13: 0.52274638 | J13: 1022 | K13: 72 | L13: 50 | M13: 50 | N13: 0.90639269 | O13: 0.44144145 | P13: 0.44545454 | Q13: 0.44343892 | R13: 0.85299003 | S13: 0.40562862 | T13: 1142 | U13: 62 | V13: 61 | W13: 49
... A73: vivit_random_3ch | B73: 4 | C73: 45 | D73: 0.9154104 | E73: 0 | F73: 0 | G73: 0 | H73: 0.72410423 | I73: 0.21840052 | J73: 1093 | K73: 1 | L73: 100 | M73: 0 | N73: 0.91628617 | O73: 0 | P73: 0 | Q73: 0 | R73: 0.68302631 | S73: 0.14902006 | T73: 1204 | U73: 0 | V73: 110 | W73: 0

Sheet luna16_k_fold_output
A1: model_name | B1: fold | C1: test_accuracy | D1: test_precision | E1: test_recall | F1: test_f1 | G1: test_auroc | H1: test_average_precision | I1: test_TN | J1: test_FP | K1: test_FN | L1: test_TP
A2: fresh-medicalnet-18 | B2: 1 | C2: 0.69565219 | D2: 0.94736844 | E2: 0.39130434 | F2: 0.55384618 | G2: 0.81092805 | H2: 0.83184785 | I2: 338 | J2: 7 | K2: 196 | L2: 126
A3: fresh-medicalnet-18 | B3: 2 | C3: 0.66866565 | D3: 0.85314685 | E3: 0.37888199 | F3: 0.52473116 | G3: 0.75666571 | H3: 0.77139533 | I3: 324 | J3: 21 | K3: 200 | L3: 122
A4: fresh-medicalnet-18 | B4: 3 | C4: 0.61169416 | D4: 0.86206895 | E4: 0.23291926 | F4: 0.36674815 | G4: 0.75101274 | H4: 0.74560064 | I4: 333 | J4: 12 | K4: 247 | L4: 75
A5: fresh-medicalnet-18 | B5: 4 | C5: 0.70014995 | D5: 0.88125002 | E5: 0.43788821 | F5: 0.58506227 | G5: 0.78428298 | H5: 0.80389529 | I5: 326 | J5: 19 | K5: 181 | L5: 141
A6: fresh-medicalnet-34 | B6: 1 | C6: 0.69115442 | D6: 0.8918919 | E6: 0.40993789 | F6: 0.56170213 | G6: 0.79862279 | H6: 0.80966544 | I6: 329 | J6: 16 | K6: 190 | L6: 132
A7: fresh-medicalnet-34 | B7: 2 | C7: 0.57571214 | D7: 0.88235295 | E7: 0.13975155 | F7: 0.24128686 | G7: 0.74853724 | H7: 0.74480987 | I7: 339 | J7: 6 | K7: 277 | L7: 45
A8: fresh-medicalnet-34 | B8: 3 | C8: 0.66416794 | D8: 0.90163934 | E8: 0.3416149 | F8: 0.4954955 | G8: 0.81018096 | H8: 0.80914408 | I8: 333 | J8: 12 | K8: 212 | L8: 110
A9: fresh-medicalnet-34 | B9: 4 | C9: 0.58770615 | D9: 0.89830506 | E9: 0.16459627 | F9: 0.27821523 | G9: 0.75701684 | H9: 0.76895565 | I9: 339 | J9: 6 | K9: 269 | L9: 53
A10: fresh-medicalnet-50 | B10: 1 | C10: 0.64767617 | D10: 0.96774191 | E10: 0.27950311 | F10: 0.43373495 | G10: 0.78731662 | H10: 0.81632018 | I10: 342 | J10: 3 | K10: 232 | L10: 90
A11: fresh-medicalnet-50 | B11: 2 | C11: 0.57871062 | D11: 0.97674417 | E11: 0.13043478 | F11: 0.23013699 | G11: 0.77729768 | H11: 0.80045927 | I11: 344 | J11: 1 | K11: 280 | L11: 42
A12: fresh-medicalnet-50 | B12: 3 | C12: 0.57271361 | D12: 0.91111112 | E12: 0.12732919 | F12: 0.22343324 | G12: 0.7817986 | H12: 0.77736735 | I12: 341 | J12: 4 | K12: 281 | L12: 41
A13: fresh-medicalnet-50 | B13: 4 | C13: 0.60269862 | D13: 0.9130435 | E13: 0.19565217 | F13: 0.32225063 | G13: 0.78977406 | H13: 0.78692126 | I13: 339 | J13: 6 | K13: 259 | L13: 63
... A73: vivit_random_3ch | B73: 4 | C73: 0.51724136 | D73: 0 | E73: 0 | F73: 0 | G73: 0.60960484 | H73: 0.55841643 | I73: 345 | J73: 0 | K73: 322 | L73: 0

Sheet k_fold_2stage_output
A1: model_name | B1: fold | C1: best_epoch | D1: validate_accuracy | E1: validate_precision | F1: validate_recall | G1: validate_f1 | H1: validate_auroc | I1: validate_average_precision | J1: validate_TN | K1: validate_FP | L1: validate_FN | M1: validate_TP | N1: test_accuracy | O1: test_precision | P1: test_recall | Q1: test_f1 | R1: test_auroc | S1: test_average_precision | T1: test_TN | U1: test_FP | V1: test_FN | W1: test_TP
A2: medicalnet-18-2stage | B2: 1 | C2: 42 | D2: 0.86956519 | E2: 0.37956205 | F2: 0.43333334 | G2: 0.40466926 | H2: 0.83078504 | I2: 0.37758863 | J2: 968 | K2: 85 | L2: 68 | M2: 52 | N2: 0.88508373 | O2: 0.34351146 | P2: 0.40909091 | Q2: 0.37344399 | R2: 0.84165657 | S2: 0.32382387 | T2: 1118 | U2: 86 | V2: 65 | W2: 45
A3: medicalnet-18-2stage | B3: 2 | C3: 30 | D3: 0.90487802 | E3: 0.48739496 | F3: 0.50877196 | G3: 0.49785408 | H3: 0.89392722 | I3: 0.53801501 | J3: 1055 | K3: 61 | L3: 56 | M3: 58 | N3: 0.8866058 | O3: 0.34400001 | P3: 0.39090911 | Q3: 0.36595744 | R3: 0.83157659 | S3: 0.30148157 | T3: 1122 | U3: 82 | V3: 67 | W3: 43
A4: medicalnet-18-2stage | B4: 3 | C4: 49 | D4: 0.87060702 | E4: 0.32413793 | F4: 0.42342341 | G4: 0.3671875 | H4: 0.84429651 | I4: 0.34148261 | J4: 1043 | K4: 98 | L4: 64 | M4: 47 | N4: 0.8713851 | O4: 0.30201343 | P4: 0.40909091 | Q4: 0.34749034 | R4: 0.83736783 | S4: 0.33937109 | T4: 1100 | U4: 104 | V4: 65 | W4: 45
A5: medicalnet-18-2stage | B5: 4 | C5: 12 | D5: 0.92043549 | E5: 0.5316456 | F5: 0.41999999 | G5: 0.46927375 | H5: 0.87220299 | I5: 0.47592571 | J5: 1057 | K5: 37 | L5: 58 | M5: 42 | N5: 0.89041096 | O5: 0.29761904 | P5: 0.22727273 | Q5: 0.25773194 | R5: 0.83717155 | S5: 0.27202839 | T5: 1145 | U5: 59 | V5: 85 | W5: 25
A6: medicalnet-34-2stage | B6: 1 | C6: 37 | D6: 0.87297529 | E6: 0.37168142 | F6: 0.34999999 | G6: 0.36051503 | H6: 0.8400681 | I6: 0.34158233 | J6: 982 | K6: 71 | L6: 78 | M6: 42 | N6: 0.89269406 | O6: 0.37984496 | P6: 0.44545454 | Q6: 0.41004184 | R6: 0.81941265 | S6: 0.37349772 | T6: 1124 | U6: 80 | V6: 61 | W6: 49
A7: medicalnet-34-2stage | B7: 2 | C7: 26 | D7: 0.91300815 | E7: 0.53684211 | F7: 0.44736841 | G7: 0.48803827 | H7: 0.87250054 | I7: 0.47781157 | J7: 1072 | K7: 44 | L7: 63 | M7: 51 | N7: 0.90715373 | O7: 0.43181819 | P7: 0.34545454 | Q7: 0.38383839 | R7: 0.84232861 | S7: 0.35381767 | T7: 1154 | U7: 50 | V7: 72 | W7: 38
A8: medicalnet-34-2stage | B8: 3 | C8: 27 | D8: 0.88897765 | E8: 0.390625 | F8: 0.45045045 | G8: 0.41841003 | H8: 0.85670066 | I8: 0.42364055 | J8: 1063 | K8: 78 | L8: 61 | M8: 50 | N8: 0.87747335 | O8: 0.32413793 | P8: 0.42727274 | Q8: 0.36862746 | R8: 0.85246146 | S8: 0.35216168 | T8: 1106 | U8: 98 | V8: 63 | W8: 47
A9: medicalnet-34-2stage | B9: 4 | C9: 48 | D9: 0.91959798 | E9: 0.52702701 | F9: 0.38999999 | G9: 0.44827586 | H9: 0.8663162 | I9: 0.51733571 | J9: 1059 | K9: 35 | L9: 61 | M9: 39 | N9: 0.90334857 | O9: 0.33962265 | P9: 0.16363636 | Q9: 0.2208589 | R9: 0.79332525 | S9: 0.29745027 | T9: 1169 | U9: 35 | V9: 92 | W9: 18
A10: medicalnet-50-2stage | B10: 1 | C10: 31 | D10: 0.8806479 | E10: 0.41379312 | F10: 0.40000001 | G10: 0.40677965 | H10: 0.82097191 | I10: 0.3806558 | J10: 985 | K10: 68 | L10: 72 | M10: 48 | N10: 0.869102 | O10: 0.2651515 | P10: 0.31818181 | Q10: 0.28925619 | R10: 0.8172003 | S10: 0.28062385 | T10: 1107 | U10: 97 | V10: 75 | W10: 35
A11: medicalnet-50-2stage | B11: 2 | C11: 17 | D11: 0.90325201 | E11: 0.46913579 | F11: 0.33333334 | G11: 0.3897436 | H11: 0.87345147 | I11: 0.45601785 | J11: 1073 | K11: 43 | L11: 76 | M11: 38 | N11: 0.88508373 | O11: 0.26966292 | P11: 0.21818182 | Q11: 0.24120604 | R11: 0.83612204 | S11: 0.25460392 | T11: 1139 | U11: 65 | V11: 86 | W11: 24
A12: medicalnet-50-2stage | B12: 3 | C12: 37 | D12: 0.89536738 | E12: 0.375 | F12: 0.27027026 | G12: 0.31413612 | H12: 0.83259511 | I12: 0.31329495 | J12: 1091 | K12: 50 | L12: 81 | M12: 30 | N12: 0.90258753 | O12: 0.32692307 | P12: 0.15454546 | Q12: 0.20987654 | R12: 0.82312745 | S12: 0.26349485 | T12: 1169 | U12: 35 | V12: 93 | W12: 17
A13: medicalnet-50-2stage | B13: 4 | C13: 28 | D13: 0.90787268 | E13: 0.45901638 | F13: 0.56 | G13: 0.5045045 | H13: 0.88010973 | I13: 0.5590052 | J13: 1028 | K13: 66 | L13: 44 | M13: 56 | N13: 0.88203955 | O13: 0.35099337 | P13: 0.48181817 | Q13: 0.40613025 | R13: 0.83453643 | S13: 0.35391548 | T13: 1106 | U13: 98 | V13: 57 | W13: 53
... A29: vivit_pretrained-2stage | B29: 4 | C29: 36 | D29: 0.87018424 | E29: 0.35602096 | F29: 0.68000001 | G29: 0.46735394 | H29: 0.86933279 | I29: 0.41838086 | J29: 971 | K29: 123 | L29: 32 | M29: 68 | N29: 0.83713853 | O29: 0.2699115 | P29: 0.55454546 | Q29: 0.36309522 | R29: 0.8286469 | S29: 0.3456063 | T29: 1039 | U29: 165 | V29: 49 | W29: 61

Sheet k_fold_luna16db_output
A1: model_name | B1: fold | C1: best_epoch | D1: validate_accuracy | E1: validate_precision | F1: validate_recall | G1: validate_f1 | H1: validate_auroc | I1: validate_average_precision | J1: validate_TN | K1: validate_FP | L1: validate_FN | M1: validate_TP | N1: test_accuracy | O1: test_precision | P1: test_recall | Q1: test_f1 | R1: test_auroc | S1: test_average_precision | T1: test_TN | U1: test_FP | V1: test_FN | W1: test_TP
A2: medicalnet-18-luna16double | B2: 1 | C2: 5 | D2: 0.84910488 | E2: 0.34759358 | F2: 0.54166669 | G2: 0.42345276 | H2: 0.83869106 | I2: 0.33923212 | J2: 931 | K2: 122 | L2: 55 | M2: 65 | N2: 0.84094369 | O2: 0.28 | P2: 0.57272726 | Q2: 0.37611941 | R2: 0.84143013 | S2: 0.3052302 | T2: 1042 | U2: 162 | V2: 47 | W2: 63
A3: medicalnet-18-luna16double | B3: 2 | C3: 1 | D3: 0.902439 | E3: 0.43181819 | F3: 0.16666667 | G3: 0.24050634 | H3: 0.8888889 | I3: 0.39872855 | J3: 1091 | K3: 25 | L3: 95 | M3: 19 | N3: 0.91019785 | O3: 0.3888889 | P3: 0.12727273 | Q3: 0.19178082 | R3: 0.82495475 | S3: 0.31585291 | T3: 1182 | U3: 22 | V3: 96 | W3: 14
A4: medicalnet-18-luna16double | B4: 3 | C4: 25 | D4: 0.89696485 | E4: 0.41176471 | F4: 0.37837839 | G4: 0.3943662 | H4: 0.85655057 | I4: 0.38940865 | J4: 1081 | K4: 60 | L4: 69 | M4: 42 | N4: 0.88736683 | O4: 0.33035713 | P4: 0.33636364 | Q4: 0.33333334 | R4: 0.82619292 | S4: 0.33812523 | T4: 1129 | U4: 75 | V4: 73 | W4: 37
A5: medicalnet-18-luna16double | B5: 4 | C5: 30 | D5: 0.88190955 | E5: 0.3726708 | F5: 0.60000002 | G5: 0.45977011 | H5: 0.88812613 | I5: 0.52838147 | J5: 993 | K5: 101 | L5: 40 | M5: 60 | N5: 0.86605781 | O5: 0.31460676 | P5: 0.5090909 | Q5: 0.3888889 | R5: 0.81362873 | S5: 0.35676214 | T5: 1082 | U5: 122 | V5: 54 | W5: 56
A6: medicalnet-34-luna16double | B6: 1 | C6: 26 | D6: 0.85507244 | E6: 0.35955057 | F6: 0.53333336 | G6: 0.4295302 | H6: 0.83668095 | I6: 0.35470432 | J6: 939 | K6: 114 | L6: 56 | M6: 64 | N6: 0.87290716 | O6: 0.33714285 | P6: 0.53636366 | Q6: 0.41403508 | R6: 0.846421 | S6: 0.32204467 | T6: 1088 | U6: 116 | V6: 51 | W6: 59
A7: medicalnet-34-luna16double | B7: 2 | C7: 9 | D7: 0.90813011 | E7: 0.50877196 | F7: 0.25438598 | G7: 0.33918127 | H7: 0.87361664 | I7: 0.4041959 | J7: 1088 | K7: 28 | L7: 85 | M7: 29 | N7: 0.91019785 | O7: 0.43939394 | P7: 0.26363635 | Q7: 0.32954547 | R7: 0.84615684 | S7: 0.3392182 | T7: 1167 | U7: 37 | V7: 81 | W7: 29
A8: medicalnet-34-luna16double | B8: 3 | C8: 18 | D8: 0.90255588 | E8: 0.42253521 | F8: 0.27027026 | G8: 0.32967034 | H8: 0.84732068 | I8: 0.3773725 | J8: 1100 | K8: 41 | L8: 81 | M8: 30 | N8: 0.91019785 | O8: 0.44594595 | P8: 0.30000001 | Q8: 0.35869566 | R8: 0.87485659 | S8: 0.37571907 | T8: 1163 | U8: 41 | V8: 77 | W8: 33
A9: medicalnet-34-luna16double | B9: 4 | C9: 27 | D9: 0.92797321 | E9: 0.75 | F9: 0.20999999 | G9: 0.328125 | H9: 0.87060332 | I9: 0.49507189 | J9: 1087 | K9: 7 | L9: 79 | M9: 21 | N9: 0.91628617 | O9: 0.5 | P9: 0.16363636 | Q9: 0.24657534 | R9: 0.83798707 | S9: 0.32807037 | T9: 1186 | U9: 18 | V9: 92 | W9: 18
A10: medicalnet-50-luna16double | B10: 1 | C10: 15 | D10: 0.86615515 | E10: 0.35658914 | F10: 0.38333333 | G10: 0.3694779 | H10: 0.82415313 | I10: 0.37224281 | J10: 970 | K10: 83 | L10: 74 | M10: 46 | N10: 0.87823439 | O10: 0.33108109 | P10: 0.44545454 | Q10: 0.37984496 | R10: 0.84356689 | S10: 0.35837206 | T10: 1105 | U10: 99 | V10: 61 | W10: 49
A11: medicalnet-50-luna16double | B11: 2 | C11: 5 | D11: 0.91544718 | E11: 0.55102038 | F11: 0.47368422 | G11: 0.50943398 | H11: 0.88807142 | I11: 0.49678731 | J11: 1072 | K11: 44 | L11: 60 | M11: 54 | N11: 0.89345509 | O11: 0.34375 | P11: 0.30000001 | Q11: 0.32038835 | R11: 0.84879947 | S11: 0.32130381 | T11: 1141 | U11: 63 | V11: 77 | W11: 33
A12: medicalnet-50-luna16double | B12: 3 | C12: 30 | D12: 0.88977635 | E12: 0.38842976 | F12: 0.42342341 | G12: 0.40517241 | H12: 0.85340816 | I12: 0.408086 | J12: 1067 | K12: 74 | L12: 64 | M12: 47 | N12: 0.88127851 | O12: 0.33571428 | P12: 0.42727274 | Q12: 0.37599999 | R12: 0.83651471 | S12: 0.32147697 | T12: 1111 | U12: 93 | V12: 63 | W12: 47
A13: medicalnet-50-luna16double | B13: 4 | C13: 21 | D13: 0.91792297 | E13: 0.50925928 | F13: 0.55000001 | G13: 0.52884614 | H13: 0.88712066 | I13: 0.54123437 | J13: 1041 | K13: 53 | L13: 45 | M13: 55 | N13: 0.87823439 | O13: 0.3046875 | P13: 0.35454544 | Q13: 0.3277311 | R13: 0.84009361 | S13: 0.31534094 | T13: 1115 | U13: 89 | V13: 71 | W13: 39
... A29: vivit_pretrained-luna16double | B29: 4 | C29: 24 | D29: 0.90117252 | E29: 0.37142858 | F29: 0.25999999 | G29: 0.30588236 | H29: 0.84933281 | I29: 0.35585764 | J29: 1050 | K29: 44 | L29: 74 | M29: 26 | N29: 0.88964993 | O29: 0.30337077 | P29: 0.24545455 | Q29: 0.27135679 | R29: 0.81559956 | S29: 0.27385706 | T29: 1142 | U29: 62 | V29: 83 | W29: 27

Sheet Main Sheet
A1: Type | B1: Model | D1: Fold | E1: Best Epoch | F1: Validation | P1: Test | Z1: External
B2: Name | C2: Depth | F2: Accuracy | G2: Precision | H2: Recall | I2: F1 | J2: AUROC | K2: Average Precision | L2: Confusion Matrix | P2: Accuracy | Q2: Precision | R2: Recall | S2: F1 | T2: AUROC | U2: Average Precision | V2: Confusion Matrix | Z2: Accuracy | AA2: Precision | AB2: Recall | AC2: F1 | AD2: AUROC | AE2: Average Precision | AF2: Confusion Matrix
L3: TN | M3: FP | N3: FN | O3: TP | V3: TN | W3: FP | X3: FN | Y3: TP | AF3: TN | AG3: FP | AH3: FN | AI3: TP
A4: Fresh | B4: medicalnet | C4: 18 | D4: 1 | E4: =k_fold_output!C2 -> 34 | F4: =k_fold_output!D2 -> 0.84313726 | G4: =k_fold_output!E2 -> 0.32417583 | H4: =k_fold_output!F2 -> 0.49166667 | I4: =k_fold_output!G2 -> 0.39072847 | J4: =k_fold_output!H2 -> 0.82061577 | K4: =k_fold_output!I2 -> 0.29654428 | L4: =k_fold_output!J2 -> 930 | ... Y4: =k_fold_output!W2 -> 60 | Z4: =luna16_k_fold_output!C2 -> 0.69565219 | AA4: =luna16_k_fold_output!D2 -> 0.94736844 | AB4: =luna16_k_fold_output!E2 -> 0.39130434 | AC4: =luna16_k_fold_output!F2 -> 0.55384618 | AD4: =luna16_k_fold_output!G2 -> 0.81092805 | AE4: =luna16_k_fold_output!H2 -> 0.83184785 | AF4: =luna16_k_fold_output!I2 -> 338 | AG4: =luna16_k_fold_output!J2 -> 7 | ... AI4: =luna16_k_fold_output!L2 -> 126
D5: 2 | E5: =k_fold_output!C3 -> 24 | F5: =k_fold_output!D3 -> 0.87479675 | G5: =k_fold_output!E3 -> 0.38636363 | H5: =k_fold_output!F3 -> 0.59649122 | I5: =k_fold_output!G3 -> 0.46896553 | J5: =k_fold_output!H3 -> 0.88657022 | K5: =k_fold_output!I3 -> 0.47210073 | L5: =k_fold_output!J3 -> 1008 | ... Y5: =k_fold_output!W3 -> 55 | Z5: =luna16_k_fold_output!C3 -> 0.66866565 | AA5: =luna16_k_fold_output!D3 -> 0.85314685 | AB5: =luna16_k_fold_output!E3 -> 0.37888199 | AC5: =luna16_k_fold_output!F3 -> 0.52473116 | AD5: =luna16_k_fold_output!G3 -> 0.75666571 | AE5: =luna16_k_fold_output!H3 -> 0.77139533 | AF5: =luna16_k_fold_output!I3 -> 324 | AG5: =luna16_k_fold_output!J3 -> 21 | ... AI5: =luna16_k_fold_output!L3 -> 122
D6: 3 | E6: =k_fold_output!C4 -> 36 | F6: =k_fold_output!D4 -> 0.88258785 | G6: =k_fold_output!E4 -> 0.34482759 | H6: =k_fold_output!F4 -> 0.36036035 | I6: =k_fold_output!G4 -> 0.35242289 | J6: =k_fold_output!H4 -> 0.83903003 | K6: =k_fold_output!I4 -> 0.36322302 | L6: =k_fold_output!J4 -> 1065 | ... Y6: =k_fold_output!W4 -> 52 | Z6: =luna16_k_fold_output!C4 -> 0.61169416 | AA6: =luna16_k_fold_output!D4 -> 0.86206895 | AB6: =luna16_k_fold_output!E4 -> 0.23291926 | AC6: =luna16_k_fold_output!F4 -> 0.36674815 | AD6: =luna16_k_fold_output!G4 -> 0.75101274 | AE6: =luna16_k_fold_output!H4 -> 0.74560064 | AF6: =luna16_k_fold_output!I4 -> 333 | AG6: =luna16_k_fold_output!J4 -> 12 | ... AI6: =luna16_k_fold_output!L4 -> 75
D7: 4 | E7: =k_fold_output!C5 -> 34 | F7: =k_fold_output!D5 -> 0.8768844 | G7: =k_fold_output!E5 -> 0.37016574 | H7: =k_fold_output!F5 -> 0.67000002 | I7: =k_fold_output!G5 -> 0.47686833 | J7: =k_fold_output!H5 -> 0.87851006 | K7: =k_fold_output!I5 -> 0.55413777 | L7: =k_fold_output!J5 -> 980 | ... Y7: =k_fold_output!W5 -> 68 | Z7: =luna16_k_fold_output!C5 -> 0.70014995 | AA7: =luna16_k_fold_output!D5 -> 0.88125002 | AB7: =luna16_k_fold_output!E5 -> 0.43788821 | AC7: =luna16_k_fold_output!F5 -> 0.58506227 | AD7: =luna16_k_fold_output!G5 -> 0.78428298 | AE7: =luna16_k_fold_output!H5 -> 0.80389529 | AF7: =luna16_k_fold_output!I5 -> 326 | AG7: =luna16_k_fold_output!J5 -> 19 | ... AI7: =luna16_k_fold_output!L5 -> 141
C8: 34 | D8: 1 | E8: =k_fold_output!C6 -> 47 | F8: =k_fold_output!D6 -> 0.86104006 | G8: =k_fold_output!E6 -> 0.37572256 | H8: =k_fold_output!F6 -> 0.54166669 | I8: =k_fold_output!G6 -> 0.44368601 | J8: =k_fold_output!H6 -> 0.8345679 | K8: =k_fold_output!I6 -> 0.4107185 | L8: =k_fold_output!J6 -> 945 | ... Y8: =k_fold_output!W6 -> 58 | Z8: =luna16_k_fold_output!C6 -> 0.69115442 | AA8: =luna16_k_fold_output!D6 -> 0.8918919 | AB8: =luna16_k_fold_output!E6 -> 0.40993789 | AC8: =luna16_k_fold_output!F6 -> 0.56170213 | AD8: =luna16_k_fold_output!G6 -> 0.79862279 | AE8: =luna16_k_fold_output!H6 -> 0.80966544 | AF8: =luna16_k_fold_output!I6 -> 329 | AG8: =luna16_k_fold_output!J6 -> 16 | ... AI8: =luna16_k_fold_output!L6 -> 132
D9: 2 | E9: =k_fold_output!C7 -> 46 | F9: =k_fold_output!D7 -> 0.91707319 | G9: =k_fold_output!E7 -> 0.57317072 | H9: =k_fold_output!F7 -> 0.41228071 | I9: =k_fold_output!G7 -> 0.47959185 | J9: =k_fold_output!H7 -> 0.88806361 | K9: =k_fold_output!I7 -> 0.51720136 | L9: =k_fold_output!J7 -> 1081 | ... Y9: =k_fold_output!W7 -> 23 | Z9: =luna16_k_fold_output!C7 -> 0.57571214 | AA9: =luna16_k_fold_output!D7 -> 0.88235295 | AB9: =luna16_k_fold_output!E7 -> 0.13975155 | AC9: =luna16_k_fold_output!F7 -> 0.24128686 | AD9: =luna16_k_fold_output!G7 -> 0.74853724 | AE9: =luna16_k_fold_output!H7 -> 0.74480987 | AF9: =luna16_k_fold_output!I7 -> 339 | AG9: =luna16_k_fold_output!J7 -> 6 | ... AI9: =luna16_k_fold_output!L7 -> 45
D10: 3 | E10: =k_fold_output!C8 -> 22 | F10: =k_fold_output!D8 -> 0.88658148 | G10: =k_fold_output!E8 -> 0.37190083 | H10: =k_fold_output!F8 -> 0.4054054 | I10: =k_fold_output!G8 -> 0.38793105 | J10: =k_fold_output!H8 -> 0.84649146 | K10: =k_fold_output!I8 -> 0.33777294 | L10: =k_fold_output!J8 -> 1065 | ... Y10: =k_fold_output!W8 -> 38 | Z10: =luna16_k_fold_output!C8 -> 0.66416794 | AA10: =luna16_k_fold_output!D8 -> 0.90163934 | AB10: =luna16_k_fold_output!E8 -> 0.3416149 | AC10: =luna16_k_fold_output!F8 -> 0.4954955 | AD10: =luna16_k_fold_output!G8 -> 0.81018096 | AE10: =luna16_k_fold_output!H8 -> 0.80914408 | AF10: =luna16_k_fold_output!I8 -> 333 | AG10: =luna16_k_fold_output!J8 -> 12 | ... AI10: =luna16_k_fold_output!L8 -> 110
D11: 4 | E11: =k_fold_output!C9 -> 43 | F11: =k_fold_output!D9 -> 0.92294806 | G11: =k_fold_output!E9 -> 0.55714285 | H11: =k_fold_output!F9 -> 0.38999999 | I11: =k_fold_output!G9 -> 0.45882353 | J11: =k_fold_output!H9 -> 0.86962527 | K11: =k_fold_output!I9 -> 0.4858034 | L11: =k_fold_output!J9 -> 1063 | ... Y11: =k_fold_output!W9 -> 16 | Z11: =luna16_k_fold_output!C9 -> 0.58770615 | AA11: =luna16_k_fold_output!D9 -> 0.89830506 | AB11: =luna16_k_fold_output!E9 -> 0.16459627 | AC11: =luna16_k_fold_output!F9 -> 0.27821523 | AD11: =luna16_k_fold_output!G9 -> 0.75701684 | AE11: =luna16_k_fold_output!H9 -> 0.76895565 | AF11: =luna16_k_fold_output!I9 -> 339 | AG11: =luna16_k_fold_output!J9 -> 6 | ... AI11: =luna16_k_fold_output!L9 -> 53
C12: 50 | D12: 1 | E12: =k_fold_output!C10 -> 28 | F12: =k_fold_output!D10 -> 0.89002556 | G12: =k_fold_output!E10 -> 0.45945945 | H12: =k_fold_output!F10 -> 0.42500001 | I12: =k_fold_output!G10 -> 0.44155845 | J12: =k_fold_output!H10 -> 0.83556497 | K12: =k_fold_output!I10 -> 0.42802811 | L12: =k_fold_output!J10 -> 993 | ... Y12: =k_fold_output!W10 -> 49 | Z12: =luna16_k_fold_output!C10 -> 0.64767617 | AA12: =luna16_k_fold_output!D10 -> 0.96774191 | AB12: =luna16_k_fold_output!E10 -> 0.27950311 | AC12: =luna16_k_fold_output!F10 -> 0.43373495 | AD12: =luna16_k_fold_output!G10 -> 0.78731662 | AE12: =luna16_k_fold_output!H10 -> 0.81632018 | AF12: =luna16_k_fold_output!I10 -> 342 | AG12: =luna16_k_fold_output!J10 -> 3 | ... AI12: =luna16_k_fold_output!L10 -> 90
D13: 2 | E13: =k_fold_output!C11 -> 9 | F13: =k_fold_output!D11 -> 0.90894312 | G13: =k_fold_output!E11 -> 0.51190478 | H13: =k_fold_output!F11 -> 0.37719297 | I13: =k_fold_output!G11 -> 0.43434343 | J13: =k_fold_output!H11 -> 0.88175189 | K13: =k_fold_output!I11 -> 0.45915222 | L13: =k_fold_output!J11 -> 1075 | ... Y13: =k_fold_output!W11 -> 32 | Z13: =luna16_k_fold_output!C11 -> 0.57871062 | AA13: =luna16_k_fold_output!D11 -> 0.97674417 | AB13: =luna16_k_fold_output!E11 -> 0.13043478 | AC13: =luna16_k_fold_output!F11 -> 0.23013699 | AD13: =luna16_k_fold_output!G11 -> 0.77729768 | AE13: =luna16_k_fold_output!H11 -> 0.80045927 | AF13: =luna16_k_fold_output!I11 -> 344 | AG13: =luna16_k_fold_output!J11 -> 1 | ... AI13: =luna16_k_fold_output!L11 -> 42
D14: 3 | E14: =k_fold_output!C12 -> 18 | F14: =k_fold_output!D12 -> 0.90575081 | G14: =k_fold_output!E12 -> 0.45333335 | H14: =k_fold_output!F12 -> 0.3063063 | I14: =k_fold_output!G12 -> 0.36559141 | J14: =k_fold_output!H12 -> 0.82869464 | K14: =k_fold_output!I12 -> 0.39162976 | L14: =k_fold_output!J12 -> 1100 | ... Y14: =k_fold_output!W12 -> 23 | Z14: =luna16_k_fold_output!C12 -> 0.57271361 | AA14: =luna16_k_fold_output!D12 -> 0.91111112 | AB14: =luna16_k_fold_output!E12 -> 0.12732919 | AC14: =luna16_k_fold_output!F12 -> 0.22343324 | AD14: =luna16_k_fold_output!G12 -> 0.7817986 | AE14: =luna16_k_fold_output!H12 -> 0.77736735 | AF14: =luna16_k_fold_output!I12 -> 341 | AG14: =luna16_k_fold_output!J12 -> 4 | ... AI14: =luna16_k_fold_output!L12 -> 41
D15: 4 | E15: =k_fold_output!C13 -> 16 | F15: =k_fold_output!D13 -> 0.89782244 | G15: =k_fold_output!E13 -> 0.40983605 | H15: =k_fold_output!F13 -> 0.5 | I15: =k_fold_output!G13 -> 0.45045045 | J15: =k_fold_output!H13 -> 0.86980808 | K15: =k_fold_output!I13 -> 0.52274638 | L15: =k_fold_output!J13 -> 1022 | ... Y15: =k_fold_output!W13 -> 49 | Z15: =luna16_k_fold_output!C13 -> 0.60269862 | AA15: =luna16_k_fold_output!D13 -> 0.9130435 | AB15: =luna16_k_fold_output!E13 -> 0.19565217 | AC15: =luna16_k_fold_output!F13 -> 0.32225063 | AD15: =luna16_k_fold_output!G13 -> 0.78977406 | AE15: =luna16_k_fold_output!H13 -> 0.78692126 | AF15: =luna16_k_fold_output!I13 -> 339 | AG15: =luna16_k_fold_output!J13 -> 6 | ... AI15: =luna16_k_fold_output!L13 -> 63
A16: Medical-pretrained | B16: medicalnet | C16: 18 | D16: 1 | E16: =k_fold_output!C38 -> 26 | F16: =k_fold_output!D38 -> 0.86359763 | G16: =k_fold_output!E38 -> 0.37951806 | H16: =k_fold_output!F38 -> 0.52499998 | I16: =k_fold_output!G38 -> 0.44055945 | J16: =k_fold_output!H38 -> 0.82682806 | K16: =k_fold_output!I38 -> 0.37355745 | L16: =k_fold_output!J38 -> 950 | ... Y16: =k_fold_output!W38 -> 59 | Z16: =luna16_k_fold_output!C38 -> 0.64167917 | AA16: =luna16_k_fold_output!D38 -> 0.90291262 | AB16: =luna16_k_fold_output!E38 -> 0.28881988 | AC16: =luna16_k_fold_output!F38 -> 0.43764704 | AD16: =luna16_k_fold_output!G38 -> 0.76985323 | AE16: =luna16_k_fold_output!H38 -> 0.77507287 | AF16: =luna16_k_fold_output!I38 -> 335 | AG16: =luna16_k_fold_output!J38 -> 10 | ... AI16: =luna16_k_fold_output!L38 -> 93
D17: 2 | E17: =k_fold_output!C39 -> 37 | F17: =k_fold_output!D39 -> 0.92113823 | G17: =k_fold_output!E39 -> 0.62318838 | H17: =k_fold_output!F39 -> 0.37719297 | I17: =k_fold_output!G39 -> 0.46994534 | J17: =k_fold_output!H39 -> 0.88385057 | K17: =k_fold_output!I39 -> 0.53252614 | L17: =k_fold_output!J39 -> 1090 | ... Y17: =k_fold_output!W39 -> 22 | Z17: =luna16_k_fold_output!C39 -> 0.54872566 | AA17: =luna16_k_fold_output!D39 -> 0.95652175 | AB17: =luna16_k_fold_output!E39 -> 0.068322979 | AC17: =luna16_k_fold_output!F39 -> 0.12753624 | AD17: =luna16_k_fold_output!G39 -> 0.7590242 | AE17: =luna16_k_fold_output!H39 -> 0.7536661 | AF17: =luna16_k_fold_output!I39 -> 344 | AG17: =luna16_k_fold_output!J39 -> 1 | ... AI17: =luna16_k_fold_output!L39 -> 22
D18: 3 | E18: =k_fold_output!C40 -> 39 | F18: =k_fold_output!D40 -> 0.90575081 | G18: =k_fold_output!E40 -> 0.47008547 | H18: =k_fold_output!F40 -> 0.4954955 | I18: =k_fold_output!G40 -> 0.48245615 | J18: =k_fold_output!H40 -> 0.87084979 | K18: =k_fold_output!I40 -> 0.44323885 | L18: =k_fold_output!J40 -> 1079 | ... Y18: =k_fold_output!W40 -> 45 | Z18: =luna16_k_fold_output!C40 -> 0.64017993 | AA18: =luna16_k_fold_output!D40 -> 0.95555556 | AB18: =luna16_k_fold_output!E40 -> 0.26708075 | AC18: =luna16_k_fold_output!F40 -> 0.41747573 | AD18: =luna16_k_fold_output!G40 -> 0.79346472 | AE18: =luna16_k_fold_output!H40 -> 0.81275749 | AF18: =luna16_k_fold_output!I40 -> 341 | AG18: =luna16_k_fold_output!J40 -> 4 | ... AI18: =luna16_k_fold_output!L40 -> 86
D19: 4 | E19: =k_fold_output!C41 -> 42 | F19: =k_fold_output!D41 -> 0.89865994 | G19: =k_fold_output!E41 -> 0.42222223 | H19: =k_fold_output!F41 -> 0.56999999 | I19: =k_fold_output!G41 -> 0.48510638 | J19: =k_fold_output!H41 -> 0.87267822 | K19: =k_fold_output!I41 -> 0.54256165 | L19: =k_fold_output!J41 -> 1016 | ... Y19: =k_fold_output!W41 -> 50 | Z19: =luna16_k_fold_output!C41 -> 0.64167917 | AA19: =luna16_k_fold_output!D41 -> 0.86725664 | AB19: =luna16_k_fold_output!E41 -> 0.30434781 | AC19: =luna16_k_fold_output!F41 -> 0.45057473 | AD19: =luna16_k_fold_output!G41 -> 0.78220367 | AE19: =luna16_k_fold_output!H41 -> 0.78420681 | AF19: =luna16_k_fold_output!I41 -> 330 | AG19: =luna16_k_fold_output!J41 -> 15 | ... AI19: =luna16_k_fold_output!L41 -> 98
C20: 34 | D20: 1 | E20: =k_fold_output!C42 -> 33 | F20: =k_fold_output!D42 -> 0.89855075 | G20: =k_fold_output!E42 -> 0.50847459 | H20: =k_fold_output!F42 -> 0.25 | I20: =k_fold_output!G42 -> 0.33519554 | J20: =k_fold_output!H42 -> 0.84637541 | K20: =k_fold_output!I42 -> 0.42002362 | L20: =k_fold_output!J42 -> 1024 | ... Y20: =k_fold_output!W42 -> 32 | Z20: =luna16_k_fold_output!C42 -> 0.59520239 | AA20: =luna16_k_fold_output!D42 -> 1 | AB20: =luna16_k_fold_output!E42 -> 0.16149068 | AC20: =luna16_k_fold_output!F42 -> 0.27807486 | AD20: =luna16_k_fold_output!G42 -> 0.82657301 | AE20: =luna16_k_fold_output!H42 -> 0.8312391 | AF20: =luna16_k_fold_output!I42 -> 345 | AG20: =luna16_k_fold_output!J42 -> 0 | ... AI20: =luna16_k_fold_output!L42 -> 52
D21: 2 | E21: =k_fold_output!C43 -> 29 | F21: =k_fold_output!D43 -> 0.90569103 | G21: =k_fold_output!E43 -> 0.48333332 | H21: =k_fold_output!F43 -> 0.25438598 | I21: =k_fold_output!G43 -> 0.33333334 | J21: =k_fold_output!H43 -> 0.89451677 | K21: =k_fold_output!I43 -> 0.48057109 | L21: =k_fold_output!J43 -> 1085 | ... Y21: =k_fold_output!W43 -> 17 | Z21: =luna16_k_fold_output!C43 -> 0.55172414 | AA21: =luna16_k_fold_output!D43 -> 0.95999998 | AB21: =luna16_k_fold_output!E43 -> 0.074534163 | AC21: =luna16_k_fold_output!F43 -> 0.13832854 | AD21: =luna16_k_fold_output!G43 -> 0.76547837 | AE21: =luna16_k_fold_output!H43 -> 0.74337113 | AF21: =luna16_k_fold_output!I43 -> 344 | AG21: =luna16_k_fold_output!J43 -> 1 | ... AI21: =luna16_k_fold_output!L43 -> 24
D22: 3 | E22: =k_fold_output!C44 -> 45 | F22: =k_fold_output!D44 -> 0.87300318 | G22: =k_fold_output!E44 -> 0.34210527 | H22: =k_fold_output!F44 -> 0.46846846 | I22: =k_fold_output!G44 -> 0.39543727 | J22: =k_fold_output!H44 -> 0.84839439 | K22: =k_fold_output!I44 -> 0.35826829 | L22: =k_fold_output!J44 -> 1041 | ... Y22: =k_fold_output!W44 -> 61 | Z22: =luna16_k_fold_output!C44 -> 0.65367317 | AA22: =luna16_k_fold_output!D44 -> 0.86400002 | AB22: =luna16_k_fold_output!E44 -> 0.33540374 | AC22: =luna16_k_fold_output!F44 -> 0.48322147 | AD22: =luna16_k_fold_output!G44 -> 0.78241962 | AE22: =luna16_k_fold_output!H44 -> 0.76508671 | AF22: =luna16_k_fold_output!I44 -> 328 | AG22: =luna16_k_fold_output!J44 -> 17 | ... AI22: =luna16_k_fold_output!L44 -> 108
D23: 4 | E23: =k_fold_output!C45 -> 27 | F23: =k_fold_output!D45 -> 0.92797321 | G23: =k_fold_output!E45 -> 0.66666669 | H23: =k_fold_output!F45 -> 0.28 | I23: =k_fold_output!G45 -> 0.3943662 | J23: =k_fold_output!H45 -> 0.86474407 | K23: =k_fold_output!I45 -> 0.52845836 | L23: =k_fold_output!J45 -> 1080 | ... Y23: =k_fold_output!W45 -> 13 | Z23: =luna16_k_fold_output!C45 -> 0.55472267 | AA23: =luna16_k_fold_output!D45 -> 1 | AB23: =luna16_k_fold_output!E45 -> 0.077639751 | AC23: =luna16_k_fold_output!F45 -> 0.14409222 | AD23: =luna16_k_fold_output!G45 -> 0.81302547 | AE23: =luna16_k_fold_output!H45 -> 0.83590049 | AF23: =luna16_k_fold_output!I45 -> 345 | AG23: =luna16_k_fold_output!J45 -> 0 | ... AI23: =luna16_k_fold_output!L45 -> 25
C24: 50 | D24: 1 | E24: =k_fold_output!C46 -> 13 | F24: =k_fold_output!D46 -> 0.84825236 | G24: =k_fold_output!E46 -> 0.34574467 | H24: =k_fold_output!F46 -> 0.54166669 | I24: =k_fold_output!G46 -> 0.42207792 | J24: =k_fold_output!H46 -> 0.82881457 | K24: =k_fold_output!I46 -> 0.37043792 | L24: =k_fold_output!J46 -> 930 | ... Y24: =k_fold_output!W46 -> 61 | Z24: =luna16_k_fold_output!C46 -> 0.70764619 | AA24: =luna16_k_fold_output!D46 -> 0.90445858 | AB24: =luna16_k_fold_output!E46 -> 0.44099379 | AC24: =luna16_k_fold_output!F46 -> 0.59290189 | AD24: =luna16_k_fold_output!G46 -> 0.79089922 | AE24: =luna16_k_fold_output!H46 -> 0.8075844 | AF24: =luna16_k_fold_output!I46 -> 330 | AG24: =luna16_k_fold_output!J46 -> 15 | ... AI24: =luna16_k_fold_output!L46 -> 142
D25: 2 | E25: =k_fold_output!C47 -> 12 | F25: =k_fold_output!D47 -> 0.91300815 | G25: =k_fold_output!E47 -> 0.55737704 | H25: =k_fold_output!F47 -> 0.29824561 | I25: =k_fold_output!G47 -> 0.38857144 | J25: =k_fold_output!H47 -> 0.83639884 | K25: =k_fold_output!I47 -> 0.43921542 | L25: =k_fold_output!J47 -> 1089 | ... Y25: =k_fold_output!W47 -> 21 | Z25: =luna16_k_fold_output!C47 -> 0.56671667 | AA25: =luna16_k_fold_output!D47 -> 0.902439 | AB25: =luna16_k_fold_output!E47 -> 0.11490683 | AC25: =luna16_k_fold_output!F47 -> 0.20385675 | AD25: =luna16_k_fold_output!G47 -> 0.77810782 | AE25: =luna16_k_fold_output!H47 -> 0.7626282 | AF25: =luna16_k_fold_output!I47 -> 341 | AG25: =luna16_k_fold_output!J47 -> 4 | ... AI25: =luna16_k_fold_output!L47 -> 37
D26: 3 | E26: =k_fold_output!C48 -> 24 | F26: =k_fold_output!D48 -> 0.86661345 | G26: =k_fold_output!E48 -> 0.33529413 | H26: =k_fold_output!F48 -> 0.51351351 | I26: =k_fold_output!G48 -> 0.40569395 | J26: =k_fold_output!H48 -> 0.84645993 | K26: =k_fold_output!I48 -> 0.36728856 | L26: =k_fold_output!J48 -> 1028 | ... Y26: =k_fold_output!W48 -> 40 | Z26: =luna16_k_fold_output!C48 -> 0.6311844 | AA26: =luna16_k_fold_output!D48 -> 0.83333331 | AB26: =luna16_k_fold_output!E48 -> 0.29503107 | AC26: =luna16_k_fold_output!F48 -> 0.43577981 | AD26: =luna16_k_fold_output!G48 -> 0.75454134 | AE26: =luna16_k_fold_output!H48 -> 0.75094128 | AF26: =luna16_k_fold_output!I48 -> 326 | AG26: =luna16_k_fold_output!J48 -> 19 | ... AI26: =luna16_k_fold_output!L48 -> 95
D27: 4 | E27: =k_fold_output!C49 -> 24 | F27: =k_fold_output!D49 -> 0.91457283 | G27: =k_fold_output!E49 -> 0.49137932 | H27: =k_fold_output!F49 -> 0.56999999 | I27: =k_fold_output!G49 -> 0.52777779 | J27: =k_fold_output!H49 -> 0.89623398 | K27: =k_fold_output!I49 -> 0.50428051 | L27: =k_fold_output!J49 -> 1035 | ... Y27: =k_fold_output!W49 -> 42 | Z27: =luna16_k_fold_output!C49 -> 0.60569715 | AA27: =luna16_k_fold_output!D49 -> 0.81052631 | AB27: =luna16_k_fold_output!E49 -> 0.23913044 | AC27: =luna16_k_fold_output!F49 -> 0.36930457 | AD27: =luna16_k_fold_output!G49 -> 0.75329006 | AE27: =luna16_k_fold_output!H49 -> 0.7427938 | AF27: =luna16_k_fold_output!I49 -> 327 | AG27: =luna16_k_fold_output!J49 -> 18 | ... AI27: =luna16_k_fold_output!L49 -> 77
A28: Fresh | B28: resnet3d (1ch) | C28: 18 | D28: 1 | E28: =k_fold_output!C14 -> 18 | F28: =k_fold_output!D14 -> 0.85421997 | G28: =k_fold_output!E14 -> 0.3508772 | H28: =k_fold_output!F14 -> 0.5 | I28: =k_fold_output!G14 -> 0.41237113 | J28: =k_fold_output!H14 -> 0.82613963 | K28: =k_fold_output!I14 -> 0.37366024 | L28: =k_fold_output!J14 -> 942 | ... Y28: =k_fold_output!W14 -> 54 | Z28: =luna16_k_fold_output!C14 -> 0.68215895 | AA28: =luna16_k_fold_output!D14 -> 0.94354838 | AB28: =luna16_k_fold_output!E14 -> 0.36335403 | AC28: =luna16_k_fold_output!F14 -> 0.52466369 | AD28: =luna16_k_fold_output!G14 -> 0.83026373 | AE28: =luna16_k_fold_output!H14 -> 0.84052265 | AF28: =luna16_k_fold_output!I14 -> 338 | AG28: =luna16_k_fold_output!J14 -> 7 | ... AI28: =luna16_k_fold_output!L14 -> 117
D29: 2 | E29: =k_fold_output!C15 -> 4 | F29: =k_fold_output!D15 -> 0.88455284 | G29: =k_fold_output!E15 -> 0.38709676 | H29: =k_fold_output!F15 -> 0.42105263 | I29: =k_fold_output!G15 -> 0.40336135 | J29: =k_fold_output!H15 -> 0.85889453 | K29: =k_fold_output!I15 -> 0.35103896 | L29: =k_fold_output!J15 -> 1040 | ... Y29: =k_fold_output!W15 -> 44 | Z29: =luna16_k_fold_output!C15 -> 0.70464766 | AA29: =luna16_k_fold_output!D15 -> 0.95620435 | AB29: =luna16_k_fold_output!E15 -> 0.40683231 | AC29: =luna16_k_fold_output!F15 -> 0.57080609 | AD29: =luna16_k_fold_output!G15 -> 0.83759111 | AE29: =luna16_k_fold_output!H15 -> 0.86107492 | AF29: =luna16_k_fold_output!I15 -> 339 | AG29: =luna16_k_fold_output!J15 -> 6 | ... AI29: =luna16_k_fold_output!L15 -> 131
D30: 3 | E30: =k_fold_output!C16 -> 24 | F30: =k_fold_output!D16 -> 0.89057505 | G30: =k_fold_output!E16 -> 0.37962964 | H30: =k_fold_output!F16 -> 0.36936936 | I30: =k_fold_output!G16 -> 0.37442923 | J30: =k_fold_output!H16 -> 0.84608883 | K30: =k_fold_output!I16 -> 0.34211677 | L30: =k_fold_output!J16 -> 1074 | ... Y30: =k_fold_output!W16 -> 38 | Z30: =luna16_k_fold_output!C16 -> 0.66116941 | AA30: =luna16_k_fold_output!D16 -> 0.91379309 | AB30: =luna16_k_fold_output!E16 -> 0.32919255 | AC30: =luna16_k_fold_output!F16 -> 0.48401827 | AD30: =luna16_k_fold_output!G16 -> 0.81490684 | AE30: =luna16_k_fold_output!H16 -> 0.80393666 | AF30: =luna16_k_fold_output!I16 -> 335 | AG30: =luna16_k_fold_output!J16 -> 10 | ... AI30: =luna16_k_fold_output!L16 -> 106
D31: 4 | E31: =k_fold_output!C17 -> 29 | F31: =k_fold_output!D17 -> 0.90368509 | G31: =k_fold_output!E17 -> 0.43243244 | H31: =k_fold_output!F17 -> 0.47999999 | I31: =k_fold_output!G17 -> 0.45497629 | J31: =k_fold_output!H17 -> 0.86467093 | K31: =k_fold_output!I17 -> 0.49530852 | L31: =k_fold_output!J17 -> 1031 | ... Y31: =k_fold_output!W17 -> 47 | Z31: =luna16_k_fold_output!C17 -> 0.66416794 | AA31: =luna16_k_fold_output!D17 -> 0.9375 | AB31: =luna16_k_fold_output!E17 -> 0.32608697 | AC31: =luna16_k_fold_output!F17 -> 0.48387095 | AD31: =luna16_k_fold_output!G17 -> 0.82868844 | AE31: =luna16_k_fold_output!H17 -> 0.83844239 | AF31: =luna16_k_fold_output!I17 -> 338 | AG31: =luna16_k_fold_output!J17 -> 7 | ... AI31: =luna16_k_fold_output!L17 -> 105
C32: 34 | D32: 1 | E32: =k_fold_output!C22 -> 24 | F32: =k_fold_output!D22 -> 0.85592496 | G32: =k_fold_output!E22 -> 0.36158192 | H32: =k_fold_output!F22 -> 0.53333336 | I32: =k_fold_output!G22 -> 0.43097642 | J32: =k_fold_output!H22 -> 0.84165871 | K32: =k_fold_output!I22 -> 0.3704204 | L32: =k_fold_output!J22 -> 940 | ... Y32: =k_fold_output!W22 -> 67 | Z32: =luna16_k_fold_output!C18 -> 0.69115442 | AA32: =luna16_k_fold_output!D18 -> 0.92028987 | AB32: =luna16_k_fold_output!E18 -> 0.39440992 | AC32: =luna16_k_fold_output!F18 -> 0.55217391 | AD32: =luna16_k_fold_output!G18 -> 0.82170308 | AE32: =luna16_k_fold_output!H18 -> 0.84582829 | AF32: =luna16_k_fold_output!I18 -> 334 | AG32: =luna16_k_fold_output!J18 -> 11 | ... AI32: =luna16_k_fold_output!L18 -> 127
D33: 2 | E33: =k_fold_output!C23 -> 31 | F33: =k_fold_output!D23 -> 0.88617885 | G33: =k_fold_output!E23 -> 0.40972221 | H33: =k_fold_output!F23 -> 0.51754385 | I33: =k_fold_output!G23 -> 0.45736435 | J33: =k_fold_output!H23 -> 0.86739141 | K33: =k_fold_output!I23 -> 0.45576864 | L33: =k_fold_output!J23 -> 1031 | ... Y33: =k_fold_output!W23 -> 45 | Z33: =luna16_k_fold_output!C19 -> 0.68665665 | AA33: =luna16_k_fold_output!D19 -> 0.94488192 | AB33: =luna16_k_fold_output!E19 -> 0.3726708 | AC33: =luna16_k_fold_output!F19 -> 0.53452116 | AD33: =luna16_k_fold_output!G19 -> 0.84011161 | AE33: =luna16_k_fold_output!H19 -> 0.85692674 | AF33: =luna16_k_fold_output!I19 -> 338 | AG33: =luna16_k_fold_output!J19 -> 7 | ... AI33: =luna16_k_fold_output!L19 -> 120
D34: 3 | E34: =k_fold_output!C24 -> 45 | F34: =k_fold_output!D24 -> 0.90974438 | G34: =k_fold_output!E24 -> 0.49056605 | H34: =k_fold_output!F24 -> 0.46846846 | I34: =k_fold_output!G24 -> 0.47926268 | J34: =k_fold_output!H24 -> 0.85060513 | K34: =k_fold_output!I24 -> 0.44406235 | L34: =k_fold_output!J24 -> 1087 | ... Y34: =k_fold_output!W24 -> 42 | Z34: =luna16_k_fold_output!C20 -> 0.60569715 | AA34: =luna16_k_fold_output!D20 -> 0.9402985 | AB34: =luna16_k_fold_output!E20 -> 0.19565217 | AC34: =luna16_k_fold_output!F20 -> 0.32390746 | AD34: =luna16_k_fold_output!G20 -> 0.79760563 | AE34: =luna16_k_fold_output!H20 -> 0.80536586 | AF34: =luna16_k_fold_output!I20 -> 341 | AG34: =luna16_k_fold_output!J20 -> 4 | ... AI34: =luna16_k_fold_output!L20 -> 63
D35: 4 | E35: =k_fold_output!C25 -> 20 | F35: =k_fold_output!D25 -> 0.91038525 | G35: =k_fold_output!E25 -> 0.46464646 | H35: =k_fold_output!F25 -> 0.46000001 | I35: =k_fold_output!G25 -> 0.46231157 | J35: =k_fold_output!H25 -> 0.86663622 | K35: =k_fold_output!I25 -> 0.51087421 | L35: =k_fold_output!J25 -> 1041 | ... Y35: =k_fold_output!W25 -> 38 | Z35: =luna16_k_fold_output!C21 -> 0.73913044 | AA35: =luna16_k_fold_output!D21 -> 0.9512195 | AB35: =luna16_k_fold_output!E21 -> 0.48447204 | AC35: =luna16_k_fold_output!F21 -> 0.64197528 | AD35: =luna16_k_fold_output!G21 -> 0.84823114 | AE35: =luna16_k_fold_output!H21 -> 0.86757785 | AF35: =luna16_k_fold_output!I21 -> 337 | AG35: =luna16_k_fold_output!J21 -> 8 | ... AI35: =luna16_k_fold_output!L21 -> 156
C36: 50 | D36: 1 | E36: =k_fold_output!C30 -> 13 | F36: =k_fold_output!D30 -> 0.86530262 | G36: =k_fold_output!E30 -> 0.37333333 | H36: =k_fold_output!F30 -> 0.46666667 | I36: =k_fold_output!G30 -> 0.4148148 | J36: =k_fold_output!H30 -> 0.82583892 | K36: =k_fold_output!I30 -> 0.42227468 | L36: =k_fold_output!J30 -> 959 | ... Y36: =k_fold_output!W30 -> 58 | Z36: =luna16_k_fold_output!C22 -> 0.70614696 | AA36: =luna16_k_fold_output!D22 -> 0.88414633 | AB36: =luna16_k_fold_output!E22 -> 0.45031056 | AC36: =luna16_k_fold_output!F22 -> 0.59670782 | AD36: =luna16_k_fold_output!G22 -> 0.82557386 | AE36: =luna16_k_fold_output!H22 -> 0.81472784 | AF36: =luna16_k_fold_output!I22 -> 326 | AG36: =luna16_k_fold_output!J22 -> 19 | ... AI36: =luna16_k_fold_output!L22 -> 145
D37: 2 | E37: =k_fold_output!C31 -> 25 | F37: =k_fold_output!D31 -> 0.89999998 | G37: =k_fold_output!E31 -> 0.44 | H37: =k_fold_output!F31 -> 0.28947368 | I37: =k_fold_output!G31 -> 0.34920636 | J37: =k_fold_output!H31 -> 0.85023266 | K37: =k_fold_output!I31 -> 0.41191569 | L37: =k_fold_output!J31 -> 1074 | ... Y37: =k_fold_output!W31 -> 35 | Z37: =luna16_k_fold_output!C23 -> 0.67766118 | AA37: =luna16_k_fold_output!D23 -> 0.89051098 | AB37: =luna16_k_fold_output!E23 -> 0.37888199 | AC37: =luna16_k_fold_output!F23 -> 0.5315904 | AD37: =luna16_k_fold_output!G23 -> 0.79344678 | AE37: =luna16_k_fold_output!H23 -> 0.81689566 | AF37: =luna16_k_fold_output!I23 -> 330 | AG37: =luna16_k_fold_output!J23 -> 15 | ... AI37: =luna16_k_fold_output!L23 -> 122
D38: 3 | E38: =k_fold_output!C32 -> 29 | F38: =k_fold_output!D32 -> 0.89856231 | G38: =k_fold_output!E32 -> 0.40697673 | H38: =k_fold_output!F32 -> 0.31531531 | I38: =k_fold_output!G32 -> 0.35532996 | J38: =k_fold_output!H32 -> 0.84073555 | K38: =k_fold_output!I32 -> 0.41208741 | L38: =k_fold_output!J32 -> 1090 | ... Y38: =k_fold_output!W32 -> 32 | Z38: =luna16_k_fold_output!C24 -> 0.63868064 | AA38: =luna16_k_fold_output!D24 -> 0.90099013 | AB38: =luna16_k_fold_output!E24 -> 0.28260869 | AC38: =luna16_k_fold_output!F24 -> 0.43026003 | AD38: =luna16_k_fold_output!G24 -> 0.75936627 | AE38: =luna16_k_fold_output!H24 -> 0.78163183 | AF38: =luna16_k_fold_output!I24 -> 335 | AG38: =luna16_k_fold_output!J24 -> 10 | ... AI38: =luna16_k_fold_output!L24 -> 91
D39: 4 | E39: =k_fold_output!C33 -> 16 | F39: =k_fold_output!D33 -> 0.91708541 | G39: =k_fold_output!E33 -> 0.50588238 | H39: =k_fold_output!F33 -> 0.43000001 | I39: =k_fold_output!G33 -> 0.46486485 | J39: =k_fold_output!H33 -> 0.88147175 | K39: =k_fold_output!I33 -> 0.49897057 | L39: =k_fold_output!J33 -> 1052 | ... Y39: =k_fold_output!W33 -> 35 | Z39: =luna16_k_fold_output!C25 -> 0.65067464 | AA39: =luna16_k_fold_output!D25 -> 0.98901099 | AB39: =luna16_k_fold_output!E25 -> 0.27950311 | AC39: =luna16_k_fold_output!F25 -> 0.43583536 | AD39: =luna16_k_fold_output!G25 -> 0.82860744 | AE39: =luna16_k_fold_output!H25 -> 0.85883534 | AF39: =luna16_k_fold_output!I25 -> 344 | AG39: =luna16_k_fold_output!J25 -> 1 | ... AI39: =luna16_k_fold_output!L25 -> 90
A40: Fresh | B40: resnet3d (3ch) | C40: 18 | D40: 1 | E40: =k_fold_output!C18 -> 11 | F40: =k_fold_output!D18 -> 0.8678602 | G40: =k_fold_output!E18 -> 0.38410595 | H40: =k_fold_output!F18 -> 0.48333332 | I40: =k_fold_output!G18 -> 0.42804429 | J40: =k_fold_output!H18 -> 0.84235513 | K40: =k_fold_output!I18 -> 0.39759558 | L40: =k_fold_output!J18 -> 960 | ... Y40: =k_fold_output!W18 -> 48 | Z40: =luna16_k_fold_output!C26 -> 0.70914543 | AA40: =luna16_k_fold_output!D26 -> 0.92105263 | AB40: =luna16_k_fold_output!E26 -> 0.43478259 | AC40: =luna16_k_fold_output!F26 -> 0.59071732 | AD40: =luna16_k_fold_output!G26 -> 0.8439554 | AE40: =luna16_k_fold_output!H26 -> 0.84806091 | AF40: =luna16_k_fold_output!I26 -> 333 | AG40: =luna16_k_fold_output!J26 -> 12 | ... AI40: =luna16_k_fold_output!L26 -> 140
D41: 2 | E41: =k_fold_output!C19 -> 7 | F41: =k_fold_output!D19 -> 0.89593494 | G41: =k_fold_output!E19 -> 0.42391303 | H41: =k_fold_output!F19 -> 0.34210527 | I41: =k_fold_output!G19 -> 0.37864077 | J41: =k_fold_output!H19 -> 0.8543514 | K41: =k_fold_output!I19 -> 0.36340329 | L41: =k_fold_output!J19 -> 1063 | ... Y41: =k_fold_output!W19 -> 38 | Z41: =luna16_k_fold_output!C27 -> 0.68065965 | AA41: =luna16_k_fold_output!D27 -> 0.91603053 | AB41: =luna16_k_fold_output!E27 -> 0.3726708 | AC41: =luna16_k_fold_output!F27 -> 0.52980131 | AD41: =luna16_k_fold_output!G27 -> 0.83567375 | AE41: =luna16_k_fold_output!H27 -> 0.84335023 | AF41: =luna16_k_fold_output!I27 -> 334 | AG41: =luna16_k_fold_output!J27 -> 11 | ... AI41: =luna16_k_fold_output!L27 -> 120
D42: 3 | E42: =k_fold_output!C20 -> 25 | F42: =k_fold_output!D20 -> 0.89616615 | G42: =k_fold_output!E20 -> 0.4040404 | H42: =k_fold_output!F20 -> 0.36036035 | I42: =k_fold_output!G20 -> 0.38095239 | J42: =k_fold_output!H20 -> 0.84852076 | K42: =k_fold_output!I20 -> 0.37949494 | L42: =k_fold_output!J20 -> 1082 | ... Y42: =k_fold_output!W20 -> 34 | Z42: =luna16_k_fold_output!C28 -> 0.62968516 | AA42: =luna16_k_fold_output!D28 -> 0.85714287 | AB42: =luna16_k_fold_output!E28 -> 0.27950311 | AC42: =luna16_k_fold_output!F28 -> 0.42154565 | AD42: =luna16_k_fold_output!G28 -> 0.76661259 | AE42: =luna16_k_fold_output!H28 -> 0.76707512 | AF42: =luna16_k_fold_output!I28 -> 330 | AG42: =luna16_k_fold_output!J28 -> 15 | ... AI42: =luna16_k_fold_output!L28 -> 90
D43: 4 | E43: =k_fold_output!C21 -> 19 | F43: =k_fold_output!D21 -> 0.87102175 | G43: =k_fold_output!E21 -> 0.35789475 | H43: =k_fold_output!F21 -> 0.68000001 | I43: =k_fold_output!G21 -> 0.46896553 | J43: =k_fold_output!H21 -> 0.87818098 | K43: =k_fold_output!I21 -> 0.48726895 | L43: =k_fold_output!J21 -> 972 | ... Y43: =k_fold_output!W21 -> 65 | Z43: =luna16_k_fold_output!C29 -> 0.67466265 | AA43: =luna16_k_fold_output!D29 -> 0.92682928 | AB43: =luna16_k_fold_output!E29 -> 0.35403726 | AC43: =luna16_k_fold_output!F29 -> 0.51235956 | AD43: =luna16_k_fold_output!G29 -> 0.7990908 | AE43: =luna16_k_fold_output!H29 -> 0.81595331 | AF43: =luna16_k_fold_output!I29 -> 336 | AG43: =luna16_k_fold_output!J29 -> 9 | ... AI43: =luna16_k_fold_output!L29 -> 114
C44: 34 | D44: 1 | E44: =k_fold_output!C26 -> 24 | F44: =k_fold_output!D26 -> 0.84995735 | G44: =k_fold_output!E26 -> 0.35714287 | H44: =k_fold_output!F26 -> 0.58333331 | I44: =k_fold_output!G26 -> 0.44303799 | J44: =k_fold_output!H26 -> 0.85094965 | K44: =k_fold_output!I26 -> 0.3761037 | L44: =k_fold_output!J26 -> 927 | ... Y44: =k_fold_output!W26 -> 67 | Z44: =luna16_k_fold_output!C30 -> 0.67766118 | AA44: =luna16_k_fold_output!D30 -> 0.92799997 | AB44: =luna16_k_fold_output!E30 -> 0.36024845 | AC44: =luna16_k_fold_output!F30 -> 0.51901567 | AD44: =luna16_k_fold_output!G30 -> 0.80864161 | AE44: =luna16_k_fold_output!H30 -> 0.82898545 | AF44: =luna16_k_fold_output!I30 -> 336 | AG44: =luna16_k_fold_output!J30 -> 9 | ... AI44: =luna16_k_fold_output!L30 -> 116
D45: 2 | E45: =k_fold_output!C27 -> 21 | F45: =k_fold_output!D27 -> 0.902439 | G45: =k_fold_output!E27 -> 0.47222221 | H45: =k_fold_output!F27 -> 0.44736841 | I45: =k_fold_output!G27 -> 0.45945945 | J45: =k_fold_output!H27 -> 0.87553453 | K45: =k_fold_output!I27 -> 0.44040284 | L45: =k_fold_output!J27 -> 1059 | ... Y45: =k_fold_output!W27 -> 43 | Z45: =luna16_k_fold_output!C31 -> 0.62968516 | AA45: =luna16_k_fold_output!D31 -> 0.9518072 | AB45: =luna16_k_fold_output!E31 -> 0.24534161 | AC45: =luna16_k_fold_output!F31 -> 0.39012346 | AD45: =luna16_k_fold_output!G31 -> 0.78436404 | AE45: =luna16_k_fold_output!H31 -> 0.80499518 | AF45: =luna16_k_fold_output!I31 -> 341 | AG45: =luna16_k_fold_output!J31 -> 4 | ... AI45: =luna16_k_fold_output!L31 -> 79
D46: 3 | E46: =k_fold_output!C28 -> 48 | F46: =k_fold_output!D28 -> 0.90255588 | G46: =k_fold_output!E28 -> 0.44444445 | H46: =k_fold_output!F28 -> 0.3963964 | I46: =k_fold_output!G28 -> 0.41904762 | J46: =k_fold_output!H28 -> 0.85144216 | K46: =k_fold_output!I28 -> 0.40989235 | L46: =k_fold_output!J28 -> 1086 | ... Y46: =k_fold_output!W28 -> 34 | Z46: =luna16_k_fold_output!C32 -> 0.61619192 | AA46: =luna16_k_fold_output!D32 -> 0.91250002 | AB46: =luna16_k_fold_output!E32 -> 0.22670807 | AC46: =luna16_k_fold_output!F32 -> 0.36318409 | AD46: =luna16_k_fold_output!G32 -> 0.768215 | AE46: =luna16_k_fold_output!H32 -> 0.77106369 | AF46: =luna16_k_fold_output!I32 -> 338 | AG46: =luna16_k_fold_output!J32 -> 7 | ... AI46: =luna16_k_fold_output!L32 -> 73
D47: 4 | E47: =k_fold_output!C29 -> 33 | F47: =k_fold_output!D29 -> 0.89782244 | G47: =k_fold_output!E29 -> 0.42028984 | H47: =k_fold_output!F29 -> 0.57999998 | I47: =k_fold_output!G29 -> 0.48739496 | J47: =k_fold_output!H29 -> 0.86129802 | K47: =k_fold_output!I29 -> 0.50594079 | L47: =k_fold_output!J29 -> 1014 | ... Y47: =k_fold_output!W29 -> 52 | Z47: =luna16_k_fold_output!C33 -> 0.61319339 | AA47: =luna16_k_fold_output!D33 -> 0.93243241 | AB47: =luna16_k_fold_output!E33 -> 0.21428572 | AC47: =luna16_k_fold_output!F33 -> 0.34848484 | AD47: =luna16_k_fold_output!G33 -> 0.78020519 | AE47: =luna16_k_fold_output!H33 -> 0.78519952 | AF47: =luna16_k_fold_output!I33 -> 340 | AG47: =luna16_k_fold_output!J33 -> 5 | ... AI47: =luna16_k_fold_output!L33 -> 69
C48: 50 | D48: 1 | E48: =k_fold_output!C34 -> 8 | F48: =k_fold_output!D34 -> 0.90025574 | G48: =k_fold_output!E34 -> 0.55555558 | H48: =k_fold_output!F34 -> 0.125 | I48: =k_fold_output!G34 -> 0.20408164 | J48: =k_fold_output!H34 -> 0.81001902 | K48: =k_fold_output!I34 -> 0.39950579 | L48: =k_fold_output!J34 -> 1041 | ... Y48: =k_fold_output!W34 -> 11 | Z48: =luna16_k_fold_output!C34 -> 0.54122937 | AA48: =luna16_k_fold_output!D34 -> 1 | AB48: =luna16_k_fold_output!E34 -> 0.049689442 | AC48: =luna16_k_fold_output!F34 -> 0.094674557 | AD48: =luna16_k_fold_output!G34 -> 0.81293541 | AE48: =luna16_k_fold_output!H34 -> 0.81892729 | AF48: =luna16_k_fold_output!I34 -> 345 | AG48: =luna16_k_fold_output!J34 -> 0 | ... AI48: =luna16_k_fold_output!L34 -> 16
D49: 2 | E49: =k_fold_output!C35 -> 15 | F49: =k_fold_output!D35 -> 0.9186992 | G49: =k_fold_output!E35 -> 0.69444442 | H49: =k_fold_output!F35 -> 0.21929824 | I49: =k_fold_output!G35 -> 0.33333334 | J49: =k_fold_output!H35 -> 0.8702839 | K49: =k_fold_output!I35 -> 0.48008829 | L49: =k_fold_output!J35 -> 1105 | ... Y49: =k_fold_output!W35 -> 17 | Z49: =luna16_k_fold_output!C35 -> 0.56371814 | AA49: =luna16_k_fold_output!D35 -> 1 | AB49: =luna16_k_fold_output!E35 -> 0.096273296 | AC49: =luna16_k_fold_output!F35 -> 0.17563739 | AD49: =luna16_k_fold_output!G35 -> 0.8102079 | AE49: =luna16_k_fold_output!H35 -> 0.83249682 | AF49: =luna16_k_fold_output!I35 -> 345 | AG49: =luna16_k_fold_output!J35 -> 0 | ... AI49: =luna16_k_fold_output!L35 -> 31
D50: 3 | E50: =k_fold_output!C36 -> 14 | F50: =k_fold_output!D36 -> 0.91613418 | G50: =k_fold_output!E36 -> 0.58823532 | H50: =k_fold_output!F36 -> 0.18018018 | I50: =k_fold_output!G36 -> 0.27586207 | J50: =k_fold_output!H36 -> 0.84948409 | K50: =k_fold_output!I36 -> 0.39583665 | L50: =k_fold_output!J36 -> 1127 | ... Y50: =k_fold_output!W36 -> 21 | Z50: =luna16_k_fold_output!C36 -> 0.57571214 | AA50: =luna16_k_fold_output!D36 -> 1 | AB50: =luna16_k_fold_output!E36 -> 0.12111801 | AC50: =luna16_k_fold_output!F36 -> 0.21606648 | AD50: =luna16_k_fold_output!G36 -> 0.83111888 | AE50: =luna16_k_fold_output!H36 -> 0.8408919 | AF50: =luna16_k_fold_output!I36 -> 345 | AG50: =luna16_k_fold_output!J36 -> 0 | ... AI50: =luna16_k_fold_output!L36 -> 39
D51: 4 | E51: =k_fold_output!C37 -> 17 | F51: =k_fold_output!D37 -> 0.85427135 | G51: =k_fold_output!E37 -> 0.30729166 | H51: =k_fold_output!F37 -> 0.58999997 | I51: =k_fold_output!G37 -> 0.4041096 | J51: =k_fold_output!H37 -> 0.8593328 | K51: =k_fold_output!I37 -> 0.43972123 | L51: =k_fold_output!J37 -> 961 | ... Y51: =k_fold_output!W37 -> 64 | Z51: =luna16_k_fold_output!C37 -> 0.70164919 | AA51: =luna16_k_fold_output!D37 -> 0.82539684 | AB51: =luna16_k_fold_output!E37 -> 0.48447204 | AC51: =luna16_k_fold_output!F37 -> 0.61056751 | AD51: =luna16_k_fold_output!G37 -> 0.77432716 | AE51: =luna16_k_fold_output!H37 -> 0.76891565 | AF51: =luna16_k_fold_output!I37 -> 312 | AG51: =luna16_k_fold_output!J37 -> 33 | ... AI51: =luna16_k_fold_output!L37 -> 156
A52: Video-pretrained | B52: resnet3d | C52: 18 | D52: 1 | E52: =k_fold_output!C50 -> 6 | F52: =k_fold_output!D50 -> 0.88746804 | G52: =k_fold_output!E50 -> 0.46153846 | H52: =k_fold_output!F50 -> 0.60000002 | I52: =k_fold_output!G50 -> 0.52173913 | J52: =k_fold_output!H50 -> 0.84867036 | K52: =k_fold_output!I50 -> 0.49701083 | L52: =k_fold_output!J50 -> 969 | ... Y52: =k_fold_output!W50 -> 67 | Z52: =luna16_k_fold_output!C50 -> 0.70614696 | AA52: =luna16_k_fold_output!D50 -> 0.90384614 | AB52: =luna16_k_fold_output!E50 -> 0.43788821 | AC52: =luna16_k_fold_output!F50 -> 0.58995813 | AD52: =luna16_k_fold_output!G50 -> 0.80925375 | AE52: =luna16_k_fold_output!H50 -> 0.82250732 | AF52: =luna16_k_fold_output!I50 -> 330 | AG52: =luna16_k_fold_output!J50 -> 15 | ... AI52: =luna16_k_fold_output!L50 -> 141
D53: 2 | E53: =k_fold_output!C51 -> 8 | F53: =k_fold_output!D51 -> 0.91707319 | G53: =k_fold_output!E51 -> 0.60000002 | H53: =k_fold_output!F51 -> 0.31578946 | I53: =k_fold_output!G51 -> 0.41379312 | J53: =k_fold_output!H51 -> 0.88900679 | K53: =k_fold_output!I51 -> 0.54354256 | L53: =k_fold_output!J51 -> 1092 | ... Y53: =k_fold_output!W51 -> 36 | Z53: =luna16_k_fold_output!C51 -> 0.59220392 | AA53: =luna16_k_fold_output!D51 -> 0.96296299 | AB53: =luna16_k_fold_output!E51 -> 0.16149068 | AC53: =luna16_k_fold_output!F51 -> 0.27659574 | AD53: =luna16_k_fold_output!G51 -> 0.79684037 | AE53: =luna16_k_fold_output!H51 -> 0.81430995 | AF53: =luna16_k_fold_output!I51 -> 343 | AG53: =luna16_k_fold_output!J51 -> 2 | ... AI53: =luna16_k_fold_output!L51 -> 52
D54: 3 | E54: =k_fold_output!C52 -> 6 | F54: =k_fold_output!D52 -> 0.86421728 | G54: =k_fold_output!E52 -> 0.35748792 | H54: =k_fold_output!F52 -> 0.66666669 | I54: =k_fold_output!G52 -> 0.4654088 | J54: =k_fold_output!H52 -> 0.84707576 | K54: =k_fold_output!I52 -> 0.42528278 | L54: =k_fold_output!J52 -> 1008 | ... Y54: =k_fold_output!W52 -> 71 | Z54: =luna16_k_fold_output!C52 -> 0.7301349 | AA54: =luna16_k_fold_output!D52 -> 0.90804595 | AB54: =luna16_k_fold_output!E52 -> 0.49068323 | AC54: =luna16_k_fold_output!F52 -> 0.63709676 | AD54: =luna16_k_fold_output!G52 -> 0.81712121 | AE54: =luna16_k_fold_output!H52 -> 0.84133291 | AF54: =luna16_k_fold_output!I52 -> 329 | AG54: =luna16_k_fold_output!J52 -> 16 | ... AI54: =luna16_k_fold_output!L52 -> 158
D55: 4 | E55: =k_fold_output!C53 -> 8 | F55: =k_fold_output!D53 -> 0.85175878 | G55: =k_fold_output!E53 -> 0.33617023 | H55: =k_fold_output!F53 -> 0.79000002 | I55: =k_fold_output!G53 -> 0.47164178 | J55: =k_fold_output!H53 -> 0.88942409 | K55: =k_fold_output!I53 -> 0.5019964 | L55: =k_fold_output!J53 -> 938 | ... Y55: =k_fold_output!W53 -> 80 | Z55: =luna16_k_fold_output!C53 -> 0.73913044 | AA55: =luna16_k_fold_output!D53 -> 0.85922331 | AB55: =luna16_k_fold_output!E53 -> 0.54968941 | AC55: =luna16_k_fold_output!F53 -> 0.67045456 | AD55: =luna16_k_fold_output!G53 -> 0.80617517 | AE55: =luna16_k_fold_output!H53 -> 0.82730806 | AF55: =luna16_k_fold_output!I53 -> 316 | AG55: =luna16_k_fold_output!J53 -> 29 | ... AI55: =luna16_k_fold_output!L53 -> 177
C56: 34 | D56: 1 | E56: =k_fold_output!C54 -> 3 | F56: =k_fold_output!D54 -> 0.86956519 | G56: =k_fold_output!E54 -> 0.40571427 | H56: =k_fold_output!F54 -> 0.59166664 | I56: =k_fold_output!G54 -> 0.48135594 | J56: =k_fold_output!H54 -> 0.85361671 | K56: =k_fold_output!I54 -> 0.38477489 | L56: =k_fold_output!J54 -> 949 | ... Y56: =k_fold_output!W54 -> 64 | Z56: =luna16_k_fold_output!C54 -> 0.70464766 | AA56: =luna16_k_fold_output!D54 -> 0.87425148 | AB56: =luna16_k_fold_output!E54 -> 0.45341614 | AC56: =luna16_k_fold_output!F54 -> 0.59713703 | AD56: =luna16_k_fold_output!G54 -> 0.81300747 | AE56: =luna16_k_fold_output!H54 -> 0.82522678 | AF56: =luna16_k_fold_output!I54 -> 324 | AG56: =luna16_k_fold_output!J54 -> 21 | ... AI56: =luna16_k_fold_output!L54 -> 146
D57: 2 | E57: =k_fold_output!C55 -> 20 | F57: =k_fold_output!D55 -> 0.90813011 | G57: =k_fold_output!E55 -> 0.50467288 | H57: =k_fold_output!F55 -> 0.47368422 | I57: =k_fold_output!G55 -> 0.48868778 | J57: =k_fold_output!H55 -> 0.89228439 | K57: =k_fold_output!I55 -> 0.5288102 | L57: =k_fold_output!J55 -> 1063 | ... Y57: =k_fold_output!W55 -> 58 | Z57: =luna16_k_fold_output!C55 -> 0.66566718 | AA57: =luna16_k_fold_output!D55 -> 0.93805307 | AB57: =luna16_k_fold_output!E55 -> 0.32919255 | AC57: =luna16_k_fold_output!F55 -> 0.48735633 | AD57: =luna16_k_fold_output!G55 -> 0.82100105 | AE57: =luna16_k_fold_output!H55 -> 0.83263493 | AF57: =luna16_k_fold_output!I55 -> 338 | AG57: =luna16_k_fold_output!J55 -> 7 | ... AI57: =luna16_k_fold_output!L55 -> 106
D58: 3 | E58: =k_fold_output!C56 -> 10 | F58: =k_fold_output!D56 -> 0.91853034 | G58: =k_fold_output!E56 -> 0.58823532 | H58: =k_fold_output!F56 -> 0.27027026 | I58: =k_fold_output!G56 -> 0.37037036 | J58: =k_fold_output!H56 -> 0.86327779 | K58: =k_fold_output!I56 -> 0.4263052 | L58: =k_fold_output!J56 -> 1120 | ... Y58: =k_fold_output!W56 -> 26 | Z58: =luna16_k_fold_output!C56 -> 0.59970015 | AA58: =luna16_k_fold_output!D56 -> 0.96610171 | AB58: =luna16_k_fold_output!E56 -> 0.17701863 | AC58: =luna16_k_fold_output!F56 -> 0.2992126 | AD58: =luna16_k_fold_output!G56 -> 0.81330454 | AE58: =luna16_k_fold_output!H56 -> 0.82211685 | AF58: =luna16_k_fold_output!I56 -> 343 | AG58: =luna16_k_fold_output!J56 -> 2 | ... AI58: =luna16_k_fold_output!L56 -> 57
D59: 4 | E59: =k_fold_output!C57 -> 31 | F59: =k_fold_output!D57 -> 0.90284759 | G59: =k_fold_output!E57 -> 0.44117647 | H59: =k_fold_output!F57 -> 0.60000002 | I59: =k_fold_output!G57 -> 0.50847459 | J59: =k_fold_output!H57 -> 0.89585912 | K59: =k_fold_output!I57 -> 0.49422032 | L59: =k_fold_output!J57 -> 1018 | ... Y59: =k_fold_output!W57 -> 61 | Z59: =luna16_k_fold_output!C57 -> 0.68365818 | AA59: =luna16_k_fold_output!D57 -> 0.89361703 | AB59: =luna16_k_fold_output!E57 -> 0.39130434 | AC59: =luna16_k_fold_output!F57 -> 0.54427648 | AD59: =luna16_k_fold_output!G57 -> 0.80054009 | AE59: =luna16_k_fold_output!H57 -> 0.80730128 | AF59: =luna16_k_fold_output!I57 -> 330 | AG59: =luna16_k_fold_output!J57 -> 15 | ... AI59: =luna16_k_fold_output!L57 -> 126
C60: 50 | D60: 1 | E60: =k_fold_output!C58 -> 20 | F60: =k_fold_output!D58 -> 0.8806479 | G60: =k_fold_output!E58 -> 0.42063493 | H60: =k_fold_output!F58 -> 0.44166666 | I60: =k_fold_output!G58 -> 0.43089432 | J60: =k_fold_output!H58 -> 0.85489863 | K60: =k_fold_output!I58 -> 0.38231185 | L60: =k_fold_output!J58 -> 980 | ... Y60: =k_fold_output!W58 -> 63 | Z60: =luna16_k_fold_output!C58 -> 0.69715142 | AA60: =luna16_k_fold_output!D58 -> 0.95454544 | AB60: =luna16_k_fold_output!E58 -> 0.39130434 | AC60: =luna16_k_fold_output!F58 -> 0.55506611 | AD60: =luna16_k_fold_output!G58 -> 0.83881539 | AE60: =luna16_k_fold_output!H58 -> 0.8562898 | AF60: =luna16_k_fold_output!I58 -> 339 | AG60: =luna16_k_fold_output!J58 -> 6 | ... AI60: =luna16_k_fold_output!L58 -> 126
D61: 2 | E61: =k_fold_output!C59 -> 4 | F61: =k_fold_output!D59 -> 0.89918697 | G61: =k_fold_output!E59 -> 0.4609375 | H61: =k_fold_output!F59 -> 0.51754385 | I61: =k_fold_output!G59 -> 0.48760331 | J61: =k_fold_output!H59 -> 0.90357161 | K61: =k_fold_output!I59 -> 0.49297506 | L61: =k_fold_output!J59 -> 1047 | ... Y61: =k_fold_output!W59 -> 53 | Z61: =luna16_k_fold_output!C59 -> 0.70164919 | AA61: =luna16_k_fold_output!D59 -> 0.96946567 | AB61: =luna16_k_fold_output!E59 -> 0.39440992 | AC61: =luna16_k_fold_output!F59 -> 0.56070638 | AD61: =luna16_k_fold_output!G59 -> 0.84496355 | AE61: =luna16_k_fold_output!H59 -> 0.87243712 | AF61: =luna16_k_fold_output!I59 -> 341 | AG61: =luna16_k_fold_output!J59 -> 4 | ... AI61: =luna16_k_fold_output!L59 -> 127
D62: 3 | E62: =k_fold_output!C60 -> 9 | F62: =k_fold_output!D60 -> 0.90335464 | G62: =k_fold_output!E60 -> 0.45901638 | H62: =k_fold_output!F60 -> 0.5045045 | I62: =k_fold_output!G60 -> 0.48068669 | J62: =k_fold_output!H60 -> 0.85838246 | K62: =k_fold_output!I60 -> 0.48779804 | L62: =k_fold_output!J60 -> 1075 | ... Y62: =k_fold_output!W60 -> 63 | Z62: =luna16_k_fold_output!C60 -> 0.67466265 | AA62: =luna16_k_fold_output!D60 -> 0.94117647 | AB62: =luna16_k_fold_output!E60 -> 0.34782609 | AC62: =luna16_k_fold_output!F60 -> 0.50793654 | AD62: =luna16_k_fold_output!G60 -> 0.85581052 | AE62: =luna16_k_fold_output!H60 -> 0.85175771 | AF62: =luna16_k_fold_output!I60 -> 338 | AG62: =luna16_k_fold_output!J60 -> 7 | ... AI62: =luna16_k_fold_output!L60 -> 112
D63: 4 | E63: =k_fold_output!C61 -> 8 | F63: =k_fold_output!D61 -> 0.86097151 | G63: =k_fold_output!E61 -> 0.34722221 | H63: =k_fold_output!F61 -> 0.75 | I63: =k_fold_output!G61 -> 0.47468355 | J63: =k_fold_output!H61 -> 0.89904934 | K63: =k_fold_output!I61 -> 0.48348343 | L63: =k_fold_output!J61 -> 953 | ... Y63: =k_fold_output!W61 -> 85 | Z63: =luna16_k_fold_output!C61 -> 0.77811092 | AA63: =luna16_k_fold_output!D61 -> 0.88839287 | AB63: =luna16_k_fold_output!E61 -> 0.61801243 | AC63: =luna16_k_fold_output!F61 -> 0.72893775 | AD63: =luna16_k_fold_output!G61 -> 0.87261677 | AE63: =luna16_k_fold_output!H61 -> 0.88236368 | AF63: =luna16_k_fold_output!I61 -> 320 | AG63: =luna16_k_fold_output!J61 -> 25 | ... AI63: =luna16_k_fold_output!L61 -> 199
A64: Fresh | B64: ViViT (1ch) | D64: 1 | E64: =k_fold_output!C66 -> 38 | F64: =k_fold_output!D66 -> 0.89769822 | G64: =k_fold_output!E66 -> 0 | H64: =k_fold_output!F66 -> 0 | I64: =k_fold_output!G66 -> 0 | J64: =k_fold_output!H66 -> 0.69873369 | K64: =k_fold_output!I66 -> 0.19846301 | L64: =k_fold_output!J66 -> 1053 | ... Y64: =k_fold_output!W66 -> 0 | Z64: =luna16_k_fold_output!C66 -> 0.51724136 | AA64: =luna16_k_fold_output!D66 -> 0 | AB64: =luna16_k_fold_output!E66 -> 0 | AC64: =luna16_k_fold_output!F66 -> 0 | AD64: =luna16_k_fold_output!G66 -> 0.58995408 | AE64: =luna16_k_fold_output!H66 -> 0.54980528 | AF64: =luna16_k_fold_output!I66 -> 345 | AG64: =luna16_k_fold_output!J66 -> 0 | ... AI64: =luna16_k_fold_output!L66 -> 0
D65: 2 | E65: =k_fold_output!C67 -> 46 | F65: =k_fold_output!D67 -> 0.9073171 | G65: =k_fold_output!E67 -> 0 | H65: =k_fold_output!F67 -> 0 | I65: =k_fold_output!G67 -> 0 | J65: =k_fold_output!H67 -> 0.74301231 | K65: =k_fold_output!I67 -> 0.22170831 | L65: =k_fold_output!J67 -> 1116 | ... Y65: =k_fold_output!W67 -> 0 | Z65: =luna16_k_fold_output!C67 -> 0.51724136 | AA65: =luna16_k_fold_output!D67 -> 0 | AB65: =luna16_k_fold_output!E67 -> 0 | AC65: =luna16_k_fold_output!F67 -> 0 | AD65: =luna16_k_fold_output!G67 -> 0.57148266 | AE65: =luna16_k_fold_output!H67 -> 0.51970011 | AF65: =luna16_k_fold_output!I67 -> 345 | AG65: =luna16_k_fold_output!J67 -> 0 | ... AI65: =luna16_k_fold_output!L67 -> 0
D66: 3 | E66: =k_fold_output!C68 -> 48 | F66: =k_fold_output!D68 -> 0.91134185 | G66: =k_fold_output!E68 -> 0 | H66: =k_fold_output!F68 -> 0 | I66: =k_fold_output!G68 -> 0 | J66: =k_fold_output!H68 -> 0.65843928 | K66: =k_fold_output!I68 -> 0.13704248 | L66: =k_fold_output!J68 -> 1141 | ... Y66: =k_fold_output!W68 -> 0 | Z66: =luna16_k_fold_output!C68 -> 0.51724136 | AA66: =luna16_k_fold_output!D68 -> 0 | AB66: =luna16_k_fold_output!E68 -> 0 | AC66: =luna16_k_fold_output!F68 -> 0 | AD66: =luna16_k_fold_output!G68 -> 0.56578445 | AE66: =luna16_k_fold_output!H68 -> 0.5214659 | AF66: =luna16_k_fold_output!I68 -> 345 | AG66: =luna16_k_fold_output!J68 -> 0 | ... AI66: =luna16_k_fold_output!L68 -> 0
D67: 4 | E67: =k_fold_output!C69 -> 50 | F67: =k_fold_output!D69 -> 0.9162479 | G67: =k_fold_output!E69 -> 0 | H67: =k_fold_output!F69 -> 0 | I67: =k_fold_output!G69 -> 0 | J67: =k_fold_output!H69 -> 0.75765997 | K67: =k_fold_output!I69 -> 0.22631021 | L67: =k_fold_output!J69 -> 1094 | ... Y67: =k_fold_output!W69 -> 0 | Z67: =luna16_k_fold_output!C69 -> 0.51724136 | AA67: =luna16_k_fold_output!D69 -> 0 | AB67: =luna16_k_fold_output!E69 -> 0 | AC67: =luna16_k_fold_output!F69 -> 0 | AD67: =luna16_k_fold_output!G69 -> 0.64655685 | AE67: =luna16_k_fold_output!H69 -> 0.59876233 | AF67: =luna16_k_fold_output!I69 -> 345 | AG67: =luna16_k_fold_output!J69 -> 0 | ... AI67: =luna16_k_fold_output!L69 -> 0
A68: Fresh | B68: ViViT (3ch) | D68: 1 | E68: =k_fold_output!C70 -> 16 | F68: =k_fold_output!D70 -> 0.89769822 | G68: =k_fold_output!E70 -> 0 | H68: =k_fold_output!F70 -> 0 | I68: =k_fold_output!G70 -> 0 | J68: =k_fold_output!H70 -> 0.70262742 | K68: =k_fold_output!I70 -> 0.18372901 | L68: =k_fold_output!J70 -> 1053 | ... Y68: =k_fold_output!W70 -> 0 | Z68: =luna16_k_fold_output!C70 -> 0.51724136 | AA68: =luna16_k_fold_output!D70 -> 0 | AB68: =luna16_k_fold_output!E70 -> 0 | AC68: =luna16_k_fold_output!F70 -> 0 | AD68: =luna16_k_fold_output!G70 -> 0.53664589 | AE68: =luna16_k_fold_output!H70 -> 0.49642056 | AF68: =luna16_k_fold_output!I70 -> 345 | AG68: =luna16_k_fold_output!J70 -> 0 | ... AI68: =luna16_k_fold_output!L70 -> 0
D69: 2 | E69: =k_fold_output!C71 -> 34 | F69: =k_fold_output!D71 -> 0.9073171 | G69: =k_fold_output!E71 -> 0 | H69: =k_fold_output!F71 -> 0 | I69: =k_fold_output!G71 -> 0 | J69: =k_fold_output!H71 -> 0.73716444 | K69: =k_fold_output!I71 -> 0.22935152 | L69: =k_fold_output!J71 -> 1116 | ... Y69: =k_fold_output!W71 -> 0 | Z69: =luna16_k_fold_output!C71 -> 0.51724136 | AA69: =luna16_k_fold_output!D71 -> 0 | AB69: =luna16_k_fold_output!E71 -> 0 | AC69: =luna16_k_fold_output!F71 -> 0 | AD69: =luna16_k_fold_output!G71 -> 0.58226663 | AE69: =luna16_k_fold_output!H71 -> 0.53252709 | AF69: =luna16_k_fold_output!I71 -> 345 | AG69: =luna16_k_fold_output!J71 -> 0 | ... AI69: =luna16_k_fold_output!L71 -> 0
D70: 3 | E70: =k_fold_output!C72 -> 31 | F70: =k_fold_output!D72 -> 0.91134185 | G70: =k_fold_output!E72 -> 0 | H70: =k_fold_output!F72 -> 0 | I70: =k_fold_output!G72 -> 0 | J70: =k_fold_output!H72 -> 0.67117512 | K70: =k_fold_output!I72 -> 0.14150363 | L70: =k_fold_output!J72 -> 1141 | ... Y70: =k_fold_output!W72 -> 0 | Z70: =luna16_k_fold_output!C72 -> 0.51724136 | AA70: =luna16_k_fold_output!D72 -> 0 | AB70: =luna16_k_fold_output!E72 -> 0 | AC70: =luna16_k_fold_output!F72 -> 0 | AD70: =luna16_k_fold_output!G72 -> 0.58876586 | AE70: =luna16_k_fold_output!H72 -> 0.53367698 | AF70: =luna16_k_fold_output!I72 -> 345 | AG70: =luna16_k_fold_output!J72 -> 0 | ... AI70: =luna16_k_fold_output!L72 -> 0
D71: 4 | E71: =k_fold_output!C73 -> 45 | F71: =k_fold_output!D73 -> 0.9154104 | G71: =k_fold_output!E73 -> 0 | H71: =k_fold_output!F73 -> 0 | I71: =k_fold_output!G73 -> 0 | J71: =k_fold_output!H73 -> 0.72410423 | K71: =k_fold_output!I73 -> 0.21840052 | L71: =k_fold_output!J73 -> 1093 | ... Y71: =k_fold_output!W73 -> 0 | Z71: =luna16_k_fold_output!C73 -> 0.51724136 | AA71: =luna16_k_fold_output!D73 -> 0 | AB71: =luna16_k_fold_output!E73 -> 0 | AC71: =luna16_k_fold_output!F73 -> 0 | AD71: =luna16_k_fold_output!G73 -> 0.60960484 | AE71: =luna16_k_fold_output!H73 -> 0.55841643 | AF71: =luna16_k_fold_output!I73 -> 345 | AG71: =luna16_k_fold_output!J73 -> 0 | ... AI71: =luna16_k_fold_output!L73 -> 0
A72: Video-pretrained | B72: ViViT | D72: 1 | E72: =k_fold_output!C62 -> 45 | F72: =k_fold_output!D62 -> 0.88320547 | G72: =k_fold_output!E62 -> 0.39506173 | H72: =k_fold_output!F62 -> 0.26666668 | I72: =k_fold_output!G62 -> 0.31840795 | J72: =k_fold_output!H62 -> 0.81348526 | K72: =k_fold_output!I62 -> 0.33723289 | L72: =k_fold_output!J62 -> 1004 | ... Y72: =k_fold_output!W62 -> 42 | Z72: =luna16_k_fold_output!C61 -> 0.77811092 | AA72: =luna16_k_fold_output!D61 -> 0.88839287 | AB72: =luna16_k_fold_output!E61 -> 0.61801243 | AC72: =luna16_k_fold_output!F61 -> 0.72893775 | AD72: =luna16_k_fold_output!G61 -> 0.87261677 | AE72: =luna16_k_fold_output!H61 -> 0.88236368 | AF72: =luna16_k_fold_output!I61 -> 320 | AG72: =luna16_k_fold_output!J61 -> 25 | ... AI72: =luna16_k_fold_output!L61 -> 199
D73: 2 | E73: =k_fold_output!C63 -> 4 | F73: =k_fold_output!D63 -> 0.9073171 | G73: =k_fold_output!E63 -> 0.5 | H73: =k_fold_output!F63 -> 0.2631579 | I73: =k_fold_output!G63 -> 0.34482759 | J73: =k_fold_output!H63 -> 0.85689807 | K73: =k_fold_output!I63 -> 0.39140478 | L73: =k_fold_output!J63 -> 1086 | ... Y73: =k_fold_output!W63 -> 21 | Z73: =luna16_k_fold_output!C62 -> 0.6311844 | AA73: =luna16_k_fold_output!D62 -> 0.96341461 | AB73: =luna16_k_fold_output!E62 -> 0.24534161 | AC73: =luna16_k_fold_output!F62 -> 0.39108911 | AD73: =luna16_k_fold_output!G62 -> 0.79179043 | AE73: =luna16_k_fold_output!H62 -> 0.80607629 | AF73: =luna16_k_fold_output!I62 -> 342 | AG73: =luna16_k_fold_output!J62 -> 3 | ... AI73: =luna16_k_fold_output!L62 -> 79
D74: 3 | E74: =k_fold_output!C64 -> 6 | F74: =k_fold_output!D64 -> 0.84744412 | G74: =k_fold_output!E64 -> 0.3019802 | H74: =k_fold_output!F64 -> 0.54954952 | I74: =k_fold_output!G64 -> 0.38977635 | J74: =k_fold_output!H64 -> 0.81745112 | K74: =k_fold_output!I64 -> 0.33580387 | L74: =k_fold_output!J64 -> 1000 | ... Y74: =k_fold_output!W64 -> 58 | Z74: =luna16_k_fold_output!C63 -> 0.60719639 | AA74: =luna16_k_fold_output!D63 -> 0.91666669 | AB74: =luna16_k_fold_output!E63 -> 0.20496894 | AC74: =luna16_k_fold_output!F63 -> 0.33502537 | AD74: =luna16_k_fold_output!G63 -> 0.78153741 | AE74: =luna16_k_fold_output!H63 -> 0.78476024 | AF74: =luna16_k_fold_output!I63 -> 339 | AG74: =luna16_k_fold_output!J63 -> 6 | ... AI74: =luna16_k_fold_output!L63 -> 66
D75: 4 | E75: =k_fold_output!C65 -> 17 | F75: =k_fold_output!D65 -> 0.84254605 | G75: =k_fold_output!E65 -> 0.30000001 | H75: =k_fold_output!F65 -> 0.66000003 | I75: =k_fold_output!G65 -> 0.41249999 | J75: =k_fold_output!H65 -> 0.8703382 | K75: =k_fold_output!I65 -> 0.38080043 | L75: =k_fold_output!J65 -> 940 | ... Y75: =k_fold_output!W65 -> 70 | Z75: =luna16_k_fold_output!C64 -> 0.69565219 | AA75: =luna16_k_fold_output!D64 -> 0.83999997 | AB75: =luna16_k_fold_output!E64 -> 0.45652175 | AC75: =luna16_k_fold_output!F64 -> 0.59154928 | AD75: =luna16_k_fold_output!G64 -> 0.79415792 | AE75: =luna16_k_fold_output!H64 -> 0.80812556 | AF75: =luna16_k_fold_output!I64 -> 317 | AG75: =luna16_k_fold_output!J64 -> 28 | ... AI75: =luna16_k_fold_output!L64 -> 147

Sheet Subsheet
A1: Type | B1: Model | D1: Fold | E1: Best Epoch | F1: Validation | L1: Test | R1: External (LUNA16)
B2: Name | C2: Depth | F2: Accuracy | G2: Precision | H2: Recall | I2: F1 | J2: AUROC | K2: AP | L2: Accuracy | M2: Precision | N2: Recall | O2: F1 | P2: AUROC | Q2: AP | R2: Accuracy | S2: Precision | T2: Recall | U2: F1 | V2: AUROC | W2: AP
A4: Fresh | B4: medicalnet | C4: 18 | D4: 1 | E4: ='Main Sheet'!E4 -> 34 | F4: ='Main Sheet'!F4 -> 0.84313726 | G4: ='Main Sheet'!G4 -> 0.32417583 | H4: ='Main Sheet'!H4 -> 0.49166667 | I4: ='Main Sheet'!I4 -> 0.39072847 | J4: ='Main Sheet'!J4 -> 0.82061577 | K4: ='Main Sheet'!K4 -> 0.29654428 | L4: ='Main Sheet'!P4 -> 0.86605781 | M4: ='Main Sheet'!Q4 -> 0.32258064 | N4: ='Main Sheet'!R4 -> 0.54545456 | O4: ='Main Sheet'!S4 -> 0.4054054 | P4: ='Main Sheet'!T4 -> 0.84757626 | Q4: ='Main Sheet'!U4 -> 0.37488148 | R4: ='Main Sheet'!Z4 -> 0.69565219 | S4: ='Main Sheet'!AA4 -> 0.94736844 | T4: ='Main Sheet'!AB4 -> 0.39130434 | U4: ='Main Sheet'!AC4 -> 0.55384618 | V4: ='Main Sheet'!AD4 -> 0.81092805 | W4: ='Main Sheet'!AE4 -> 0.83184785
D5: 2 | E5: ='Main Sheet'!E5 -> 24 | F5: ='Main Sheet'!F5 -> 0.87479675 | G5: ='Main Sheet'!G5 -> 0.38636363 | H5: ='Main Sheet'!H5 -> 0.59649122 | I5: ='Main Sheet'!I5 -> 0.46896553 | J5: ='Main Sheet'!J5 -> 0.88657022 | K5: ='Main Sheet'!K5 -> 0.47210073 | L5: ='Main Sheet'!P5 -> 0.83789957 | M5: ='Main Sheet'!Q5 -> 0.25821596 | N5: ='Main Sheet'!R5 -> 0.5 | O5: ='Main Sheet'!S5 -> 0.34055728 | P5: ='Main Sheet'!T5 -> 0.78593332 | Q5: ='Main Sheet'!U5 -> 0.29977146 | R5: ='Main Sheet'!Z5 -> 0.66866565 | S5: ='Main Sheet'!AA5 -> 0.85314685 | T5: ='Main Sheet'!AB5 -> 0.37888199 | U5: ='Main Sheet'!AC5 -> 0.52473116 | V5: ='Main Sheet'!AD5 -> 0.75666571 | W5: ='Main Sheet'!AE5 -> 0.77139533
D6: 3 | E6: ='Main Sheet'!E6 -> 36 | F6: ='Main Sheet'!F6 -> 0.88258785 | G6: ='Main Sheet'!G6 -> 0.34482759 | H6: ='Main Sheet'!H6 -> 0.36036035 | I6: ='Main Sheet'!I6 -> 0.35242289 | J6: ='Main Sheet'!J6 -> 0.83903003 | K6: ='Main Sheet'!K6 -> 0.36322302 | L6: ='Main Sheet'!P6 -> 0.87899542 | M6: ='Main Sheet'!Q6 -> 0.33986929 | N6: ='Main Sheet'!R6 -> 0.47272727 | O6: ='Main Sheet'!S6 -> 0.39543727 | P6: ='Main Sheet'!T6 -> 0.81479156 | Q6: ='Main Sheet'!U6 -> 0.29309142 | R6: ='Main Sheet'!Z6 -> 0.61169416 | S6: ='Main Sheet'!AA6 -> 0.86206895 | T6: ='Main Sheet'!AB6 -> 0.23291926 | U6: ='Main Sheet'!AC6 -> 0.36674815 | V6: ='Main Sheet'!AD6 -> 0.75101274 | W6: ='Main Sheet'!AE6 -> 0.74560064
D7: 4 | E7: ='Main Sheet'!E7 -> 34 | F7: ='Main Sheet'!F7 -> 0.8768844 | G7: ='Main Sheet'!G7 -> 0.37016574 | H7: ='Main Sheet'!H7 -> 0.67000002 | I7: ='Main Sheet'!I7 -> 0.47686833 | J7: ='Main Sheet'!J7 -> 0.87851006 | K7: ='Main Sheet'!K7 -> 0.55413777 | L7: ='Main Sheet'!P7 -> 0.84474885 | M7: ='Main Sheet'!Q7 -> 0.29565218 | N7: ='Main Sheet'!R7 -> 0.61818182 | O7: ='Main Sheet'!S7 -> 0.40000001 | P7: ='Main Sheet'!T7 -> 0.85419059 | Q7: ='Main Sheet'!U7 -> 0.35654956 | R7: ='Main Sheet'!Z7 -> 0.70014995 | S7: ='Main Sheet'!AA7 -> 0.88125002 | T7: ='Main Sheet'!AB7 -> 0.43788821 | U7: ='Main Sheet'!AC7 -> 0.58506227 | V7: ='Main Sheet'!AD7 -> 0.78428298 | W7: ='Main Sheet'!AE7 -> 0.80389529
C8: 34 | D8: 1 | E8: ='Main Sheet'!E8 -> 47 | F8: ='Main Sheet'!F8 -> 0.86104006 | G8: ='Main Sheet'!G8 -> 0.37572256 | H8: ='Main Sheet'!H8 -> 0.54166669 | I8: ='Main Sheet'!I8 -> 0.44368601 | J8: ='Main Sheet'!J8 -> 0.8345679 | K8: ='Main Sheet'!K8 -> 0.4107185 | L8: ='Main Sheet'!P8 -> 0.86529678 | M8: ='Main Sheet'!Q8 -> 0.31693989 | N8: ='Main Sheet'!R8 -> 0.5272727 | O8: ='Main Sheet'!S8 -> 0.39590445 | P8: ='Main Sheet'!T8 -> 0.84269857 | Q8: ='Main Sheet'!U8 -> 0.35345256 | R8: ='Main Sheet'!Z8 -> 0.69115442 | S8: ='Main Sheet'!AA8 -> 0.8918919 | T8: ='Main Sheet'!AB8 -> 0.40993789 | U8: ='Main Sheet'!AC8 -> 0.56170213 | V8: ='Main Sheet'!AD8 -> 0.79862279 | W8: ='Main Sheet'!AE8 -> 0.80966544
D9: 2 | E9: ='Main Sheet'!E9 -> 46 | F9: ='Main Sheet'!F9 -> 0.91707319 | G9: ='Main Sheet'!G9 -> 0.57317072 | H9: ='Main Sheet'!H9 -> 0.41228071 | I9: ='Main Sheet'!I9 -> 0.47959185 | J9: ='Main Sheet'!J9 -> 0.88806361 | K9: ='Main Sheet'!K9 -> 0.51720136 | L9: ='Main Sheet'!P9 -> 0.89726025 | M9: ='Main Sheet'!Q9 -> 0.32394367 | N9: ='Main Sheet'!R9 -> 0.2090909 | O9: ='Main Sheet'!S9 -> 0.25414366 | P9: ='Main Sheet'!T9 -> 0.78586531 | Q9: ='Main Sheet'!U9 -> 0.27040511 | R9: ='Main Sheet'!Z9 -> 0.57571214 | S9: ='Main Sheet'!AA9 -> 0.88235295 | T9: ='Main Sheet'!AB9 -> 0.13975155 | U9: ='Main Sheet'!AC9 -> 0.24128686 | V9: ='Main Sheet'!AD9 -> 0.74853724 | W9: ='Main Sheet'!AE9 -> 0.74480987
D10: 3 | E10: ='Main Sheet'!E10 -> 22 | F10: ='Main Sheet'!F10 -> 0.88658148 | G10: ='Main Sheet'!G10 -> 0.37190083 | H10: ='Main Sheet'!H10 -> 0.4054054 | I10: ='Main Sheet'!I10 -> 0.38793105 | J10: ='Main Sheet'!J10 -> 0.84649146 | K10: ='Main Sheet'!K10 -> 0.33777294 | L10: ='Main Sheet'!P10 -> 0.87975645 | M10: ='Main Sheet'!Q10 -> 0.30645162 | N10: ='Main Sheet'!R10 -> 0.34545454 | O10: ='Main Sheet'!S10 -> 0.32478634 | P10: ='Main Sheet'!T10 -> 0.81576556 | Q10: ='Main Sheet'!U10 -> 0.30284184 | R10: ='Main Sheet'!Z10 -> 0.66416794 | S10: ='Main Sheet'!AA10 -> 0.90163934 | T10: ='Main Sheet'!AB10 -> 0.3416149 | U10: ='Main Sheet'!AC10 -> 0.4954955 | V10: ='Main Sheet'!AD10 -> 0.81018096 | W10: ='Main Sheet'!AE10 -> 0.80914408
D11: 4 | E11: ='Main Sheet'!E11 -> 43 | F11: ='Main Sheet'!F11 -> 0.92294806 | G11: ='Main Sheet'!G11 -> 0.55714285 | H11: ='Main Sheet'!H11 -> 0.38999999 | I11: ='Main Sheet'!I11 -> 0.45882353 | J11: ='Main Sheet'!J11 -> 0.86962527 | K11: ='Main Sheet'!K11 -> 0.4858034 | L11: ='Main Sheet'!P11 -> 0.89117199 | M11: ='Main Sheet'!Q11 -> 0.24615385 | N11: ='Main Sheet'!R11 -> 0.14545454 | O11: ='Main Sheet'!S11 -> 0.18285714 | P11: ='Main Sheet'!T11 -> 0.83652973 | Q11: ='Main Sheet'!U11 -> 0.27166513 | R11: ='Main Sheet'!Z11 -> 0.58770615 | S11: ='Main Sheet'!AA11 -> 0.89830506 | T11: ='Main Sheet'!AB11 -> 0.16459627 | U11: ='Main Sheet'!AC11 -> 0.27821523 | V11: ='Main Sheet'!AD11 -> 0.75701684 | W11: ='Main Sheet'!AE11 -> 0.76895565
C12: 50 | D12: 1 | E12: ='Main Sheet'!E12 -> 28 | F12: ='Main Sheet'!F12 -> 0.89002556 | G12: ='Main Sheet'!G12 -> 0.45945945 | H12: ='Main Sheet'!H12 -> 0.42500001 | I12: ='Main Sheet'!I12 -> 0.44155845 | J12: ='Main Sheet'!J12 -> 0.83556497 | K12: ='Main Sheet'!K12 -> 0.42802811 | L12: ='Main Sheet'!P12 -> 0.89345509 | M12: ='Main Sheet'!Q12 -> 0.3828125 | N12: ='Main Sheet'!R12 -> 0.44545454 | O12: ='Main Sheet'!S12 -> 0.41176471 | P12: ='Main Sheet'!T12 -> 0.85384315 | Q12: ='Main Sheet'!U12 -> 0.37506282 | R12: ='Main Sheet'!Z12 -> 0.64767617 | S12: ='Main Sheet'!AA12 -> 0.96774191 | T12: ='Main Sheet'!AB12 -> 0.27950311 | U12: ='Main Sheet'!AC12 -> 0.43373495 | V12: ='Main Sheet'!AD12 -> 0.78731662 | W12: ='Main Sheet'!AE12 -> 0.81632018
D13: 2 | E13: ='Main Sheet'!E13 -> 9 | F13: ='Main Sheet'!F13 -> 0.90894312 | G13: ='Main Sheet'!G13 -> 0.51190478 | H13: ='Main Sheet'!H13 -> 0.37719297 | I13: ='Main Sheet'!I13 -> 0.43434343 | J13: ='Main Sheet'!J13 -> 0.88175189 | K13: ='Main Sheet'!K13 -> 0.45915222 | L13: ='Main Sheet'!P13 -> 0.90258753 | M13: ='Main Sheet'!Q13 -> 0.39024389 | N13: ='Main Sheet'!R13 -> 0.29090908 | O13: ='Main Sheet'!S13 -> 0.33333334 | P13: ='Main Sheet'!T13 -> 0.8528617 | Q13: ='Main Sheet'!U13 -> 0.33635324 | R13: ='Main Sheet'!Z13 -> 0.57871062 | S13: ='Main Sheet'!AA13 -> 0.97674417 | T13: ='Main Sheet'!AB13 -> 0.13043478 | U13: ='Main Sheet'!AC13 -> 0.23013699 | V13: ='Main Sheet'!AD13 -> 0.77729768 | W13: ='Main Sheet'!AE13 -> 0.80045927
D14: 3 | E14: ='Main Sheet'!E14 -> 18 | F14: ='Main Sheet'!F14 -> 0.90575081 | G14: ='Main Sheet'!G14 -> 0.45333335 | H14: ='Main Sheet'!H14 -> 0.3063063 | I14: ='Main Sheet'!I14 -> 0.36559141 | J14: ='Main Sheet'!J14 -> 0.82869464 | K14: ='Main Sheet'!K14 -> 0.39162976 | L14: ='Main Sheet'!P14 -> 0.9041096 | M14: ='Main Sheet'!Q14 -> 0.37096775 | N14: ='Main Sheet'!R14 -> 0.2090909 | O14: ='Main Sheet'!S14 -> 0.26744187 | P14: ='Main Sheet'!T14 -> 0.84774995 | Q14: ='Main Sheet'!U14 -> 0.32019734 | R14: ='Main Sheet'!Z14 -> 0.57271361 | S14: ='Main Sheet'!AA14 -> 0.91111112 | T14: ='Main Sheet'!AB14 -> 0.12732919 | U14: ='Main Sheet'!AC14 -> 0.22343324 | V14: ='Main Sheet'!AD14 -> 0.7817986 | W14: ='Main Sheet'!AE14 -> 0.77736735
D15: 4 | E15: ='Main Sheet'!E15 -> 16 | F15: ='Main Sheet'!F15 -> 0.89782244 | G15: ='Main Sheet'!G15 -> 0.40983605 | H15: ='Main Sheet'!H15 -> 0.5 | I15: ='Main Sheet'!I15 -> 0.45045045 | J15: ='Main Sheet'!J15 -> 0.86980808 | K15: ='Main Sheet'!K15 -> 0.52274638 | L15: ='Main Sheet'!P15 -> 0.90639269 | M15: ='Main Sheet'!Q15 -> 0.44144145 | N15: ='Main Sheet'!R15 -> 0.44545454 | O15: ='Main Sheet'!S15 -> 0.44343892 | P15: ='Main Sheet'!T15 -> 0.85299003 | Q15: ='Main Sheet'!U15 -> 0.40562862 | R15: ='Main Sheet'!Z15 -> 0.60269862 | S15: ='Main Sheet'!AA15 -> 0.9130435 | T15: ='Main Sheet'!AB15 -> 0.19565217 | U15: ='Main Sheet'!AC15 -> 0.32225063 | V15: ='Main Sheet'!AD15 -> 0.78977406 | W15: ='Main Sheet'!AE15 -> 0.78692126
A16: Medical-pretrained | B16: medicalnet | C16: 18 | D16: 1 | E16: ='Main Sheet'!E16 -> 26 | F16: ='Main Sheet'!F16 -> 0.86359763 | G16: ='Main Sheet'!G16 -> 0.37951806 | H16: ='Main Sheet'!H16 -> 0.52499998 | I16: ='Main Sheet'!I16 -> 0.44055945 | J16: ='Main Sheet'!J16 -> 0.82682806 | K16: ='Main Sheet'!K16 -> 0.37355745 | L16: ='Main Sheet'!P16 -> 0.86225265 | M16: ='Main Sheet'!Q16 -> 0.31216931 | N16: ='Main Sheet'!R16 -> 0.53636366 | O16: ='Main Sheet'!S16 -> 0.39464882 | P16: ='Main Sheet'!T16 -> 0.81551653 | Q16: ='Main Sheet'!U16 -> 0.35379672 | R16: ='Main Sheet'!Z16 -> 0.64167917 | S16: ='Main Sheet'!AA16 -> 0.90291262 | T16: ='Main Sheet'!AB16 -> 0.28881988 | U16: ='Main Sheet'!AC16 -> 0.43764704 | V16: ='Main Sheet'!AD16 -> 0.76985323 | W16: ='Main Sheet'!AE16 -> 0.77507287
D17: 2 | E17: ='Main Sheet'!E17 -> 37 | F17: ='Main Sheet'!F17 -> 0.92113823 | G17: ='Main Sheet'!G17 -> 0.62318838 | H17: ='Main Sheet'!H17 -> 0.37719297 | I17: ='Main Sheet'!I17 -> 0.46994534 | J17: ='Main Sheet'!J17 -> 0.88385057 | K17: ='Main Sheet'!K17 -> 0.53252614 | L17: ='Main Sheet'!P17 -> 0.91095889 | M17: ='Main Sheet'!Q17 -> 0.43137255 | N17: ='Main Sheet'!R17 -> 0.2 | O17: ='Main Sheet'!S17 -> 0.27329192 | P17: ='Main Sheet'!T17 -> 0.82139087 | Q17: ='Main Sheet'!U17 -> 0.32400599 | R17: ='Main Sheet'!Z17 -> 0.54872566 | S17: ='Main Sheet'!AA17 -> 0.95652175 | T17: ='Main Sheet'!AB17 -> 0.068322979 | U17: ='Main Sheet'!AC17 -> 0.12753624 | V17: ='Main Sheet'!AD17 -> 0.7590242 | W17: ='Main Sheet'!AE17 -> 0.7536661
D18: 3 | E18: ='Main Sheet'!E18 -> 39 | F18: ='Main Sheet'!F18 -> 0.90575081 | G18: ='Main Sheet'!G18 -> 0.47008547 | H18: ='Main Sheet'!H18 -> 0.4954955 | I18: ='Main Sheet'!I18 -> 0.48245615 | J18: ='Main Sheet'!J18 -> 0.87084979 | K18: ='Main Sheet'!K18 -> 0.44323885 | L18: ='Main Sheet'!P18 -> 0.88051748 | M18: ='Main Sheet'!Q18 -> 0.32846716 | N18: ='Main Sheet'!R18 -> 0.40909091 | O18: ='Main Sheet'!S18 -> 0.36437246 | P18: ='Main Sheet'!T18 -> 0.83143306 | Q18: ='Main Sheet'!U18 -> 0.31813473 | R18: ='Main Sheet'!Z18 -> 0.64017993 | S18: ='Main Sheet'!AA18 -> 0.95555556 | T18: ='Main Sheet'!AB18 -> 0.26708075 | U18: ='Main Sheet'!AC18 -> 0.41747573 | V18: ='Main Sheet'!AD18 -> 0.79346472 | W18: ='Main Sheet'!AE18 -> 0.81275749
D19: 4 | E19: ='Main Sheet'!E19 -> 42 | F19: ='Main Sheet'!F19 -> 0.89865994 | G19: ='Main Sheet'!G19 -> 0.42222223 | H19: ='Main Sheet'!H19 -> 0.56999999 | I19: ='Main Sheet'!I19 -> 0.48510638 | J19: ='Main Sheet'!J19 -> 0.87267822 | K19: ='Main Sheet'!K19 -> 0.54256165 | L19: ='Main Sheet'!P19 -> 0.88051748 | M19: ='Main Sheet'!Q19 -> 0.34013605 | N19: ='Main Sheet'!R19 -> 0.45454547 | O19: ='Main Sheet'!S19 -> 0.38910505 | P19: ='Main Sheet'!T19 -> 0.85246909 | Q19: ='Main Sheet'!U19 -> 0.37204933 | R19: ='Main Sheet'!Z19 -> 0.64167917 | S19: ='Main Sheet'!AA19 -> 0.86725664 | T19: ='Main Sheet'!AB19 -> 0.30434781 | U19: ='Main Sheet'!AC19 -> 0.45057473 | V19: ='Main Sheet'!AD19 -> 0.78220367 | W19: ='Main Sheet'!AE19 -> 0.78420681
C20: 34 | D20: 1 | E20: ='Main Sheet'!E20 -> 33 | F20: ='Main Sheet'!F20 -> 0.89855075 | G20: ='Main Sheet'!G20 -> 0.50847459 | H20: ='Main Sheet'!H20 -> 0.25 | I20: ='Main Sheet'!I20 -> 0.33519554 | J20: ='Main Sheet'!J20 -> 0.84637541 | K20: ='Main Sheet'!K20 -> 0.42002362 | L20: ='Main Sheet'!P20 -> 0.91400301 | M20: ='Main Sheet'!Q20 -> 0.47761193 | N20: ='Main Sheet'!R20 -> 0.29090908 | O20: ='Main Sheet'!S20 -> 0.36158192 | P20: ='Main Sheet'!T20 -> 0.83520079 | Q20: ='Main Sheet'!U20 -> 0.38183352 | R20: ='Main Sheet'!Z20 -> 0.59520239 | S20: ='Main Sheet'!AA20 -> 1 | T20: ='Main Sheet'!AB20 -> 0.16149068 | U20: ='Main Sheet'!AC20 -> 0.27807486 | V20: ='Main Sheet'!AD20 -> 0.82657301 | W20: ='Main Sheet'!AE20 -> 0.8312391
D21: 2 | E21: ='Main Sheet'!E21 -> 29 | F21: ='Main Sheet'!F21 -> 0.90569103 | G21: ='Main Sheet'!G21 -> 0.48333332 | H21: ='Main Sheet'!H21 -> 0.25438598 | I21: ='Main Sheet'!I21 -> 0.33333334 | J21: ='Main Sheet'!J21 -> 0.89451677 | K21: ='Main Sheet'!K21 -> 0.48057109 | L21: ='Main Sheet'!P21 -> 0.90639269 | M21: ='Main Sheet'!Q21 -> 0.36170211 | N21: ='Main Sheet'!R21 -> 0.15454546 | O21: ='Main Sheet'!S21 -> 0.21656051 | P21: ='Main Sheet'!T21 -> 0.82518119 | Q21: ='Main Sheet'!U21 -> 0.26359782 | R21: ='Main Sheet'!Z21 -> 0.55172414 | S21: ='Main Sheet'!AA21 -> 0.95999998 | T21: ='Main Sheet'!AB21 -> 0.074534163 | U21: ='Main Sheet'!AC21 -> 0.13832854 | V21: ='Main Sheet'!AD21 -> 0.76547837 | W21: ='Main Sheet'!AE21 -> 0.74337113
D22: 3 | E22: ='Main Sheet'!E22 -> 45 | F22: ='Main Sheet'!F22 -> 0.87300318 | G22: ='Main Sheet'!G22 -> 0.34210527 | H22: ='Main Sheet'!H22 -> 0.46846846 | I22: ='Main Sheet'!I22 -> 0.39543727 | J22: ='Main Sheet'!J22 -> 0.84839439 | K22: ='Main Sheet'!K22 -> 0.35826829 | L22: ='Main Sheet'!P22 -> 0.88051748 | M22: ='Main Sheet'!Q22 -> 0.36094674 | N22: ='Main Sheet'!R22 -> 0.55454546 | O22: ='Main Sheet'!S22 -> 0.43727598 | P22: ='Main Sheet'!T22 -> 0.86955595 | Q22: ='Main Sheet'!U22 -> 0.3869445 | R22: ='Main Sheet'!Z22 -> 0.65367317 | S22: ='Main Sheet'!AA22 -> 0.86400002 | T22: ='Main Sheet'!AB22 -> 0.33540374 | U22: ='Main Sheet'!AC22 -> 0.48322147 | V22: ='Main Sheet'!AD22 -> 0.78241962 | W22: ='Main Sheet'!AE22 -> 0.76508671
D23: 4 | E23: ='Main Sheet'!E23 -> 27 | F23: ='Main Sheet'!F23 -> 0.92797321 | G23: ='Main Sheet'!G23 -> 0.66666669 | H23: ='Main Sheet'!H23 -> 0.28 | I23: ='Main Sheet'!I23 -> 0.3943662 | J23: ='Main Sheet'!J23 -> 0.86474407 | K23: ='Main Sheet'!K23 -> 0.52845836 | L23: ='Main Sheet'!P23 -> 0.91780823 | M23: ='Main Sheet'!Q23 -> 0.54166669 | N23: ='Main Sheet'!R23 -> 0.11818182 | O23: ='Main Sheet'!S23 -> 0.19402985 | P23: ='Main Sheet'!T23 -> 0.85674268 | Q23: ='Main Sheet'!U23 -> 0.37238351 | R23: ='Main Sheet'!Z23 -> 0.55472267 | S23: ='Main Sheet'!AA23 -> 1 | T23: ='Main Sheet'!AB23 -> 0.077639751 | U23: ='Main Sheet'!AC23 -> 0.14409222 | V23: ='Main Sheet'!AD23 -> 0.81302547 | W23: ='Main Sheet'!AE23 -> 0.83590049
C24: 50 | D24: 1 | E24: ='Main Sheet'!E24 -> 13 | F24: ='Main Sheet'!F24 -> 0.84825236 | G24: ='Main Sheet'!G24 -> 0.34574467 | H24: ='Main Sheet'!H24 -> 0.54166669 | I24: ='Main Sheet'!I24 -> 0.42207792 | J24: ='Main Sheet'!J24 -> 0.82881457 | K24: ='Main Sheet'!K24 -> 0.37043792 | L24: ='Main Sheet'!P24 -> 0.83789957 | M24: ='Main Sheet'!Q24 -> 0.2711111 | N24: ='Main Sheet'!R24 -> 0.55454546 | O24: ='Main Sheet'!S24 -> 0.3641791 | P24: ='Main Sheet'!T24 -> 0.83456659 | Q24: ='Main Sheet'!U24 -> 0.35174927 | R24: ='Main Sheet'!Z24 -> 0.70764619 | S24: ='Main Sheet'!AA24 -> 0.90445858 | T24: ='Main Sheet'!AB24 -> 0.44099379 | U24: ='Main Sheet'!AC24 -> 0.59290189 | V24: ='Main Sheet'!AD24 -> 0.79089922 | W24: ='Main Sheet'!AE24 -> 0.8075844
D25: 2 | E25: ='Main Sheet'!E25 -> 12 | F25: ='Main Sheet'!F25 -> 0.91300815 | G25: ='Main Sheet'!G25 -> 0.55737704 | H25: ='Main Sheet'!H25 -> 0.29824561 | I25: ='Main Sheet'!I25 -> 0.38857144 | J25: ='Main Sheet'!J25 -> 0.83639884 | K25: ='Main Sheet'!K25 -> 0.43921542 | L25: ='Main Sheet'!P25 -> 0.9018265 | M25: ='Main Sheet'!Q25 -> 0.3442623 | N25: ='Main Sheet'!R25 -> 0.19090909 | O25: ='Main Sheet'!S25 -> 0.24561404 | P25: ='Main Sheet'!T25 -> 0.79870135 | Q25: ='Main Sheet'!U25 -> 0.25840446 | R25: ='Main Sheet'!Z25 -> 0.56671667 | S25: ='Main Sheet'!AA25 -> 0.902439 | T25: ='Main Sheet'!AB25 -> 0.11490683 | U25: ='Main Sheet'!AC25 -> 0.20385675 | V25: ='Main Sheet'!AD25 -> 0.77810782 | W25: ='Main Sheet'!AE25 -> 0.7626282
D26: 3 | E26: ='Main Sheet'!E26 -> 24 | F26: ='Main Sheet'!F26 -> 0.86661345 | G26: ='Main Sheet'!G26 -> 0.33529413 | H26: ='Main Sheet'!H26 -> 0.51351351 | I26: ='Main Sheet'!I26 -> 0.40569395 | J26: ='Main Sheet'!J26 -> 0.84645993 | K26: ='Main Sheet'!K26 -> 0.36728856 | L26: ='Main Sheet'!P26 -> 0.85007608 | M26: ='Main Sheet'!Q26 -> 0.23952095 | N26: ='Main Sheet'!R26 -> 0.36363637 | O26: ='Main Sheet'!S26 -> 0.28880867 | P26: ='Main Sheet'!T26 -> 0.79241163 | Q26: ='Main Sheet'!U26 -> 0.2489783 | R26: ='Main Sheet'!Z26 -> 0.6311844 | S26: ='Main Sheet'!AA26 -> 0.83333331 | T26: ='Main Sheet'!AB26 -> 0.29503107 | U26: ='Main Sheet'!AC26 -> 0.43577981 | V26: ='Main Sheet'!AD26 -> 0.75454134 | W26: ='Main Sheet'!AE26 -> 0.75094128
D27: 4 | E27: ='Main Sheet'!E27 -> 24 | F27: ='Main Sheet'!F27 -> 0.91457283 | G27: ='Main Sheet'!G27 -> 0.49137932 | H27: ='Main Sheet'!H27 -> 0.56999999 | I27: ='Main Sheet'!I27 -> 0.52777779 | J27: ='Main Sheet'!J27 -> 0.89623398 | K27: ='Main Sheet'!K27 -> 0.50428051 | L27: ='Main Sheet'!P27 -> 0.86605781 | M27: ='Main Sheet'!Q27 -> 0.28 | N27: ='Main Sheet'!R27 -> 0.38181818 | O27: ='Main Sheet'!S27 -> 0.32307693 | P27: ='Main Sheet'!T27 -> 0.82004678 | Q27: ='Main Sheet'!U27 -> 0.25700039 | R27: ='Main Sheet'!Z27 -> 0.60569715 | S27: ='Main Sheet'!AA27 -> 0.81052631 | T27: ='Main Sheet'!AB27 -> 0.23913044 | U27: ='Main Sheet'!AC27 -> 0.36930457 | V27: ='Main Sheet'!AD27 -> 0.75329006 | W27: ='Main Sheet'!AE27 -> 0.7427938
A28: Fresh | B28: resnet3d (1ch) | C28: 18 | D28: 1 | E28: ='Main Sheet'!E28 -> 18 | F28: ='Main Sheet'!F28 -> 0.85421997 | G28: ='Main Sheet'!G28 -> 0.3508772 | H28: ='Main Sheet'!H28 -> 0.5 | I28: ='Main Sheet'!I28 -> 0.41237113 | J28: ='Main Sheet'!J28 -> 0.82613963 | K28: ='Main Sheet'!K28 -> 0.37366024 | L28: ='Main Sheet'!P28 -> 0.87975645 | M28: ='Main Sheet'!Q28 -> 0.34615386 | N28: ='Main Sheet'!R28 -> 0.4909091 | O28: ='Main Sheet'!S28 -> 0.40601504 | P28: ='Main Sheet'!T28 -> 0.83245999 | Q28: ='Main Sheet'!U28 -> 0.38715965 | R28: ='Main Sheet'!Z28 -> 0.68215895 | S28: ='Main Sheet'!AA28 -> 0.94354838 | T28: ='Main Sheet'!AB28 -> 0.36335403 | U28: ='Main Sheet'!AC28 -> 0.52466369 | V28: ='Main Sheet'!AD28 -> 0.83026373 | W28: ='Main Sheet'!AE28 -> 0.84052265
D29: 2 | E29: ='Main Sheet'!E29 -> 4 | F29: ='Main Sheet'!F29 -> 0.88455284 | G29: ='Main Sheet'!G29 -> 0.38709676 | H29: ='Main Sheet'!H29 -> 0.42105263 | I29: ='Main Sheet'!I29 -> 0.40336135 | J29: ='Main Sheet'!J29 -> 0.85889453 | K29: ='Main Sheet'!K29 -> 0.35103896 | L29: ='Main Sheet'!P29 -> 0.88203955 | M29: ='Main Sheet'!Q29 -> 0.33082706 | N29: ='Main Sheet'!R29 -> 0.40000001 | O29: ='Main Sheet'!S29 -> 0.36213991 | P29: ='Main Sheet'!T29 -> 0.81396478 | Q29: ='Main Sheet'!U29 -> 0.27334547 | R29: ='Main Sheet'!Z29 -> 0.70464766 | S29: ='Main Sheet'!AA29 -> 0.95620435 | T29: ='Main Sheet'!AB29 -> 0.40683231 | U29: ='Main Sheet'!AC29 -> 0.57080609 | V29: ='Main Sheet'!AD29 -> 0.83759111 | W29: ='Main Sheet'!AE29 -> 0.86107492
D30: 3 | E30: ='Main Sheet'!E30 -> 24 | F30: ='Main Sheet'!F30 -> 0.89057505 | G30: ='Main Sheet'!G30 -> 0.37962964 | H30: ='Main Sheet'!H30 -> 0.36936936 | I30: ='Main Sheet'!I30 -> 0.37442923 | J30: ='Main Sheet'!J30 -> 0.84608883 | K30: ='Main Sheet'!K30 -> 0.34211677 | L30: ='Main Sheet'!P30 -> 0.8843227 | M30: ='Main Sheet'!Q30 -> 0.32203391 | N30: ='Main Sheet'!R30 -> 0.34545454 | O30: ='Main Sheet'!S30 -> 0.33333334 | P30: ='Main Sheet'!T30 -> 0.82397318 | Q30: ='Main Sheet'!U30 -> 0.33387563 | R30: ='Main Sheet'!Z30 -> 0.66116941 | S30: ='Main Sheet'!AA30 -> 0.91379309 | T30: ='Main Sheet'!AB30 -> 0.32919255 | U30: ='Main Sheet'!AC30 -> 0.48401827 | V30: ='Main Sheet'!AD30 -> 0.81490684 | W30: ='Main Sheet'!AE30 -> 0.80393666
D31: 4 | E31: ='Main Sheet'!E31 -> 29 | F31: ='Main Sheet'!F31 -> 0.90368509 | G31: ='Main Sheet'!G31 -> 0.43243244 | H31: ='Main Sheet'!H31 -> 0.47999999 | I31: ='Main Sheet'!I31 -> 0.45497629 | J31: ='Main Sheet'!J31 -> 0.86467093 | K31: ='Main Sheet'!K31 -> 0.49530852 | L31: ='Main Sheet'!P31 -> 0.88051748 | M31: ='Main Sheet'!Q31 -> 0.33333334 | N31: ='Main Sheet'!R31 -> 0.42727274 | O31: ='Main Sheet'!S31 -> 0.374502 | P31: ='Main Sheet'!T31 -> 0.81273031 | Q31: ='Main Sheet'!U31 -> 0.34888858 | R31: ='Main Sheet'!Z31 -> 0.66416794 | S31: ='Main Sheet'!AA31 -> 0.9375 | T31: ='Main Sheet'!AB31 -> 0.32608697 | U31: ='Main Sheet'!AC31 -> 0.48387095 | V31: ='Main Sheet'!AD31 -> 0.82868844 | W31: ='Main Sheet'!AE31 -> 0.83844239
C32: 34 | D32: 1 | E32: ='Main Sheet'!E32 -> 24 | F32: ='Main Sheet'!F32 -> 0.85592496 | G32: ='Main Sheet'!G32 -> 0.36158192 | H32: ='Main Sheet'!H32 -> 0.53333336 | I32: ='Main Sheet'!I32 -> 0.43097642 | J32: ='Main Sheet'!J32 -> 0.84165871 | K32: ='Main Sheet'!K32 -> 0.3704204 | L32: ='Main Sheet'!P32 -> 0.87290716 | M32: ='Main Sheet'!Q32 -> 0.35078534 | N32: ='Main Sheet'!R32 -> 0.60909092 | O32: ='Main Sheet'!S32 -> 0.44518271 | P32: ='Main Sheet'!T32 -> 0.837466 | Q32: ='Main Sheet'!U32 -> 0.3507784 | R32: ='Main Sheet'!Z32 -> 0.69115442 | S32: ='Main Sheet'!AA32 -> 0.92028987 | T32: ='Main Sheet'!AB32 -> 0.39440992 | U32: ='Main Sheet'!AC32 -> 0.55217391 | V32: ='Main Sheet'!AD32 -> 0.82170308 | W32: ='Main Sheet'!AE32 -> 0.84582829
D33: 2 | E33: ='Main Sheet'!E33 -> 31 | F33: ='Main Sheet'!F33 -> 0.88617885 | G33: ='Main Sheet'!G33 -> 0.40972221 | H33: ='Main Sheet'!H33 -> 0.51754385 | I33: ='Main Sheet'!I33 -> 0.45736435 | J33: ='Main Sheet'!J33 -> 0.86739141 | K33: ='Main Sheet'!K33 -> 0.45576864 | L33: ='Main Sheet'!P33 -> 0.86529678 | M33: ='Main Sheet'!Q33 -> 0.28662419 | N33: ='Main Sheet'!R33 -> 0.40909091 | O33: ='Main Sheet'!S33 -> 0.33707866 | P33: ='Main Sheet'!T33 -> 0.80572331 | Q33: ='Main Sheet'!U33 -> 0.30210385 | R33: ='Main Sheet'!Z33 -> 0.68665665 | S33: ='Main Sheet'!AA33 -> 0.94488192 | T33: ='Main Sheet'!AB33 -> 0.3726708 | U33: ='Main Sheet'!AC33 -> 0.53452116 | V33: ='Main Sheet'!AD33 -> 0.84011161 | W33: ='Main Sheet'!AE33 -> 0.85692674
D34: 3 | E34: ='Main Sheet'!E34 -> 45 | F34: ='Main Sheet'!F34 -> 0.90974438 | G34: ='Main Sheet'!G34 -> 0.49056605 | H34: ='Main Sheet'!H34 -> 0.46846846 | I34: ='Main Sheet'!I34 -> 0.47926268 | J34: ='Main Sheet'!J34 -> 0.85060513 | K34: ='Main Sheet'!K34 -> 0.44406235 | L34: ='Main Sheet'!P34 -> 0.89878237 | M34: ='Main Sheet'!Q34 -> 0.39252338 | N34: ='Main Sheet'!R34 -> 0.38181818 | O34: ='Main Sheet'!S34 -> 0.38709676 | P34: ='Main Sheet'!T34 -> 0.82949257 | Q34: ='Main Sheet'!U34 -> 0.37855104 | R34: ='Main Sheet'!Z34 -> 0.60569715 | S34: ='Main Sheet'!AA34 -> 0.9402985 | T34: ='Main Sheet'!AB34 -> 0.19565217 | U34: ='Main Sheet'!AC34 -> 0.32390746 | V34: ='Main Sheet'!AD34 -> 0.79760563 | W34: ='Main Sheet'!AE34 -> 0.80536586
D35: 4 | E35: ='Main Sheet'!E35 -> 20 | F35: ='Main Sheet'!F35 -> 0.91038525 | G35: ='Main Sheet'!G35 -> 0.46464646 | H35: ='Main Sheet'!H35 -> 0.46000001 | I35: ='Main Sheet'!I35 -> 0.46231157 | J35: ='Main Sheet'!J35 -> 0.86663622 | K35: ='Main Sheet'!K35 -> 0.51087421 | L35: ='Main Sheet'!P35 -> 0.9018265 | M35: ='Main Sheet'!Q35 -> 0.40000001 | N35: ='Main Sheet'!R35 -> 0.34545454 | O35: ='Main Sheet'!S35 -> 0.37073171 | P35: ='Main Sheet'!T35 -> 0.83450627 | Q35: ='Main Sheet'!U35 -> 0.36765474 | R35: ='Main Sheet'!Z35 -> 0.73913044 | S35: ='Main Sheet'!AA35 -> 0.9512195 | T35: ='Main Sheet'!AB35 -> 0.48447204 | U35: ='Main Sheet'!AC35 -> 0.64197528 | V35: ='Main Sheet'!AD35 -> 0.84823114 | W35: ='Main Sheet'!AE35 -> 0.86757785
C36: 50 | D36: 1 | E36: ='Main Sheet'!E36 -> 13 | F36: ='Main Sheet'!F36 -> 0.86530262 | G36: ='Main Sheet'!G36 -> 0.37333333 | H36: ='Main Sheet'!H36 -> 0.46666667 | I36: ='Main Sheet'!I36 -> 0.4148148 | J36: ='Main Sheet'!J36 -> 0.82583892 | K36: ='Main Sheet'!K36 -> 0.42227468 | L36: ='Main Sheet'!P36 -> 0.8713851 | M36: ='Main Sheet'!Q36 -> 0.33142856 | N36: ='Main Sheet'!R36 -> 0.5272727 | O36: ='Main Sheet'!S36 -> 0.40701753 | P36: ='Main Sheet'!T36 -> 0.86419511 | Q36: ='Main Sheet'!U36 -> 0.38425896 | R36: ='Main Sheet'!Z36 -> 0.70614696 | S36: ='Main Sheet'!AA36 -> 0.88414633 | T36: ='Main Sheet'!AB36 -> 0.45031056 | U36: ='Main Sheet'!AC36 -> 0.59670782 | V36: ='Main Sheet'!AD36 -> 0.82557386 | W36: ='Main Sheet'!AE36 -> 0.81472784
D37: 2 | E37: ='Main Sheet'!E37 -> 25 | F37: ='Main Sheet'!F37 -> 0.89999998 | G37: ='Main Sheet'!G37 -> 0.44 | H37: ='Main Sheet'!H37 -> 0.28947368 | I37: ='Main Sheet'!I37 -> 0.34920636 | J37: ='Main Sheet'!J37 -> 0.85023266 | K37: ='Main Sheet'!K37 -> 0.41191569 | L37: ='Main Sheet'!P37 -> 0.89726025 | M37: ='Main Sheet'!Q37 -> 0.36842105 | N37: ='Main Sheet'!R37 -> 0.31818181 | O37: ='Main Sheet'!S37 -> 0.34146342 | P37: ='Main Sheet'!T37 -> 0.80423594 | Q37: ='Main Sheet'!U37 -> 0.307515 | R37: ='Main Sheet'!Z37 -> 0.67766118 | S37: ='Main Sheet'!AA37 -> 0.89051098 | T37: ='Main Sheet'!AB37 -> 0.37888199 | U37: ='Main Sheet'!AC37 -> 0.5315904 | V37: ='Main Sheet'!AD37 -> 0.79344678 | W37: ='Main Sheet'!AE37 -> 0.81689566
D38: 3 | E38: ='Main Sheet'!E38 -> 29 | F38: ='Main Sheet'!F38 -> 0.89856231 | G38: ='Main Sheet'!G38 -> 0.40697673 | H38: ='Main Sheet'!H38 -> 0.31531531 | I38: ='Main Sheet'!I38 -> 0.35532996 | J38: ='Main Sheet'!J38 -> 0.84073555 | K38: ='Main Sheet'!K38 -> 0.41208741 | L38: ='Main Sheet'!P38 -> 0.89193302 | M38: ='Main Sheet'!Q38 -> 0.33333334 | N38: ='Main Sheet'!R38 -> 0.29090908 | O38: ='Main Sheet'!S38 -> 0.31067961 | P38: ='Main Sheet'!T38 -> 0.80970252 | Q38: ='Main Sheet'!U38 -> 0.29779574 | R38: ='Main Sheet'!Z38 -> 0.63868064 | S38: ='Main Sheet'!AA38 -> 0.90099013 | T38: ='Main Sheet'!AB38 -> 0.28260869 | U38: ='Main Sheet'!AC38 -> 0.43026003 | V38: ='Main Sheet'!AD38 -> 0.75936627 | W38: ='Main Sheet'!AE38 -> 0.78163183
D39: 4 | E39: ='Main Sheet'!E39 -> 16 | F39: ='Main Sheet'!F39 -> 0.91708541 | G39: ='Main Sheet'!G39 -> 0.50588238 | H39: ='Main Sheet'!H39 -> 0.43000001 | I39: ='Main Sheet'!I39 -> 0.46486485 | J39: ='Main Sheet'!J39 -> 0.88147175 | K39: ='Main Sheet'!K39 -> 0.49897057 | L39: ='Main Sheet'!P39 -> 0.89649922 | M39: ='Main Sheet'!Q39 -> 0.36458334 | N39: ='Main Sheet'!R39 -> 0.31818181 | O39: ='Main Sheet'!S39 -> 0.33980581 | P39: ='Main Sheet'!T39 -> 0.83089709 | Q39: ='Main Sheet'!U39 -> 0.31650752 | R39: ='Main Sheet'!Z39 -> 0.65067464 | S39: ='Main Sheet'!AA39 -> 0.98901099 | T39: ='Main Sheet'!AB39 -> 0.27950311 | U39: ='Main Sheet'!AC39 -> 0.43583536 | V39: ='Main Sheet'!AD39 -> 0.82860744 | W39: ='Main Sheet'!AE39 -> 0.85883534
A40: Fresh | B40: resnet3d (3ch) | C40: 18 | D40: 1 | E40: ='Main Sheet'!E40 -> 11 | F40: ='Main Sheet'!F40 -> 0.8678602 | G40: ='Main Sheet'!G40 -> 0.38410595 | H40: ='Main Sheet'!H40 -> 0.48333332 | I40: ='Main Sheet'!I40 -> 0.42804429 | J40: ='Main Sheet'!J40 -> 0.84235513 | K40: ='Main Sheet'!K40 -> 0.39759558 | L40: ='Main Sheet'!P40 -> 0.86834097 | M40: ='Main Sheet'!Q40 -> 0.3018868 | N40: ='Main Sheet'!R40 -> 0.43636364 | O40: ='Main Sheet'!S40 -> 0.35687733 | P40: ='Main Sheet'!T40 -> 0.84149796 | Q40: ='Main Sheet'!U40 -> 0.3558504 | R40: ='Main Sheet'!Z40 -> 0.70914543 | S40: ='Main Sheet'!AA40 -> 0.92105263 | T40: ='Main Sheet'!AB40 -> 0.43478259 | U40: ='Main Sheet'!AC40 -> 0.59071732 | V40: ='Main Sheet'!AD40 -> 0.8439554 | W40: ='Main Sheet'!AE40 -> 0.84806091
D41: 2 | E41: ='Main Sheet'!E41 -> 7 | F41: ='Main Sheet'!F41 -> 0.89593494 | G41: ='Main Sheet'!G41 -> 0.42391303 | H41: ='Main Sheet'!H41 -> 0.34210527 | I41: ='Main Sheet'!I41 -> 0.37864077 | J41: ='Main Sheet'!J41 -> 0.8543514 | K41: ='Main Sheet'!K41 -> 0.36340329 | L41: ='Main Sheet'!P41 -> 0.8866058 | M41: ='Main Sheet'!Q41 -> 0.33043477 | N41: ='Main Sheet'!R41 -> 0.34545454 | O41: ='Main Sheet'!S41 -> 0.33777776 | P41: ='Main Sheet'!T41 -> 0.80677283 | Q41: ='Main Sheet'!U41 -> 0.26926064 | R41: ='Main Sheet'!Z41 -> 0.68065965 | S41: ='Main Sheet'!AA41 -> 0.91603053 | T41: ='Main Sheet'!AB41 -> 0.3726708 | U41: ='Main Sheet'!AC41 -> 0.52980131 | V41: ='Main Sheet'!AD41 -> 0.83567375 | W41: ='Main Sheet'!AE41 -> 0.84335023
D42: 3 | E42: ='Main Sheet'!E42 -> 25 | F42: ='Main Sheet'!F42 -> 0.89616615 | G42: ='Main Sheet'!G42 -> 0.4040404 | H42: ='Main Sheet'!H42 -> 0.36036035 | I42: ='Main Sheet'!I42 -> 0.38095239 | J42: ='Main Sheet'!J42 -> 0.84852076 | K42: ='Main Sheet'!K42 -> 0.37949494 | L42: ='Main Sheet'!P42 -> 0.9041096 | M42: ='Main Sheet'!Q42 -> 0.40476191 | N42: ='Main Sheet'!R42 -> 0.30909091 | O42: ='Main Sheet'!S42 -> 0.35051546 | P42: ='Main Sheet'!T42 -> 0.83388704 | Q42: ='Main Sheet'!U42 -> 0.32921004 | R42: ='Main Sheet'!Z42 -> 0.62968516 | S42: ='Main Sheet'!AA42 -> 0.85714287 | T42: ='Main Sheet'!AB42 -> 0.27950311 | U42: ='Main Sheet'!AC42 -> 0.42154565 | V42: ='Main Sheet'!AD42 -> 0.76661259 | W42: ='Main Sheet'!AE42 -> 0.76707512
D43: 4 | E43: ='Main Sheet'!E43 -> 19 | F43: ='Main Sheet'!F43 -> 0.87102175 | G43: ='Main Sheet'!G43 -> 0.35789475 | H43: ='Main Sheet'!H43 -> 0.68000001 | I43: ='Main Sheet'!I43 -> 0.46896553 | J43: ='Main Sheet'!J43 -> 0.87818098 | K43: ='Main Sheet'!K43 -> 0.48726895 | L43: ='Main Sheet'!P43 -> 0.83789957 | M43: ='Main Sheet'!Q43 -> 0.27896994 | N43: ='Main Sheet'!R43 -> 0.59090906 | O43: ='Main Sheet'!S43 -> 0.37900874 | P43: ='Main Sheet'!T43 -> 0.84830111 | Q43: ='Main Sheet'!U43 -> 0.36820227 | R43: ='Main Sheet'!Z43 -> 0.67466265 | S43: ='Main Sheet'!AA43 -> 0.92682928 | T43: ='Main Sheet'!AB43 -> 0.35403726 | U43: ='Main Sheet'!AC43 -> 0.51235956 | V43: ='Main Sheet'!AD43 -> 0.7990908 | W43: ='Main Sheet'!AE43 -> 0.81595331
C44: 34 | D44: 1 | E44: ='Main Sheet'!E44 -> 24 | F44: ='Main Sheet'!F44 -> 0.84995735 | G44: ='Main Sheet'!G44 -> 0.35714287 | H44: ='Main Sheet'!H44 -> 0.58333331 | I44: ='Main Sheet'!I44 -> 0.44303799 | J44: ='Main Sheet'!J44 -> 0.85094965 | K44: ='Main Sheet'!K44 -> 0.3761037 | L44: ='Main Sheet'!P44 -> 0.86073059 | M44: ='Main Sheet'!Q44 -> 0.32367149 | N44: ='Main Sheet'!R44 -> 0.60909092 | O44: ='Main Sheet'!S44 -> 0.42271292 | P44: ='Main Sheet'!T44 -> 0.84242672 | Q44: ='Main Sheet'!U44 -> 0.36218408 | R44: ='Main Sheet'!Z44 -> 0.67766118 | S44: ='Main Sheet'!AA44 -> 0.92799997 | T44: ='Main Sheet'!AB44 -> 0.36024845 | U44: ='Main Sheet'!AC44 -> 0.51901567 | V44: ='Main Sheet'!AD44 -> 0.80864161 | W44: ='Main Sheet'!AE44 -> 0.82898545
D45: 2 | E45: ='Main Sheet'!E45 -> 21 | F45: ='Main Sheet'!F45 -> 0.902439 | G45: ='Main Sheet'!G45 -> 0.47222221 | H45: ='Main Sheet'!H45 -> 0.44736841 | I45: ='Main Sheet'!I45 -> 0.45945945 | J45: ='Main Sheet'!J45 -> 0.87553453 | K45: ='Main Sheet'!K45 -> 0.44040284 | L45: ='Main Sheet'!P45 -> 0.87899542 | M45: ='Main Sheet'!Q45 -> 0.31851852 | N45: ='Main Sheet'!R45 -> 0.39090911 | O45: ='Main Sheet'!S45 -> 0.3510204 | P45: ='Main Sheet'!T45 -> 0.83720934 | Q45: ='Main Sheet'!U45 -> 0.34546739 | R45: ='Main Sheet'!Z45 -> 0.62968516 | S45: ='Main Sheet'!AA45 -> 0.9518072 | T45: ='Main Sheet'!AB45 -> 0.24534161 | U45: ='Main Sheet'!AC45 -> 0.39012346 | V45: ='Main Sheet'!AD45 -> 0.78436404 | W45: ='Main Sheet'!AE45 -> 0.80499518
D46: 3 | E46: ='Main Sheet'!E46 -> 48 | F46: ='Main Sheet'!F46 -> 0.90255588 | G46: ='Main Sheet'!G46 -> 0.44444445 | H46: ='Main Sheet'!H46 -> 0.3963964 | I46: ='Main Sheet'!I46 -> 0.41904762 | J46: ='Main Sheet'!J46 -> 0.85144216 | K46: ='Main Sheet'!K46 -> 0.40989235 | L46: ='Main Sheet'!P46 -> 0.89726025 | M46: ='Main Sheet'!Q46 -> 0.36559141 | N46: ='Main Sheet'!R46 -> 0.30909091 | O46: ='Main Sheet'!S46 -> 0.33497536 | P46: ='Main Sheet'!T46 -> 0.79637569 | Q46: ='Main Sheet'!U46 -> 0.3056531 | R46: ='Main Sheet'!Z46 -> 0.61619192 | S46: ='Main Sheet'!AA46 -> 0.91250002 | T46: ='Main Sheet'!AB46 -> 0.22670807 | U46: ='Main Sheet'!AC46 -> 0.36318409 | V46: ='Main Sheet'!AD46 -> 0.768215 | W46: ='Main Sheet'!AE46 -> 0.77106369
D47: 4 | E47: ='Main Sheet'!E47 -> 33 | F47: ='Main Sheet'!F47 -> 0.89782244 | G47: ='Main Sheet'!G47 -> 0.42028984 | H47: ='Main Sheet'!H47 -> 0.57999998 | I47: ='Main Sheet'!I47 -> 0.48739496 | J47: ='Main Sheet'!J47 -> 0.86129802 | K47: ='Main Sheet'!K47 -> 0.50594079 | L47: ='Main Sheet'!P47 -> 0.87595129 | M47: ='Main Sheet'!Q47 -> 0.3312102 | N47: ='Main Sheet'!R47 -> 0.47272727 | O47: ='Main Sheet'!S47 -> 0.38951311 | P47: ='Main Sheet'!T47 -> 0.83793414 | Q47: ='Main Sheet'!U47 -> 0.35745379 | R47: ='Main Sheet'!Z47 -> 0.61319339 | S47: ='Main Sheet'!AA47 -> 0.93243241 | T47: ='Main Sheet'!AB47 -> 0.21428572 | U47: ='Main Sheet'!AC47 -> 0.34848484 | V47: ='Main Sheet'!AD47 -> 0.78020519 | W47: ='Main Sheet'!AE47 -> 0.78519952
C48: 50 | D48: 1 | E48: ='Main Sheet'!E48 -> 8 | F48: ='Main Sheet'!F48 -> 0.90025574 | G48: ='Main Sheet'!G48 -> 0.55555558 | H48: ='Main Sheet'!H48 -> 0.125 | I48: ='Main Sheet'!I48 -> 0.20408164 | J48: ='Main Sheet'!J48 -> 0.81001902 | K48: ='Main Sheet'!K48 -> 0.39950579 | L48: ='Main Sheet'!P48 -> 0.91856927 | M48: ='Main Sheet'!Q48 -> 0.57894737 | N48: ='Main Sheet'!R48 -> 0.1 | O48: ='Main Sheet'!S48 -> 0.17054264 | P48: ='Main Sheet'!T48 -> 0.80191028 | Q48: ='Main Sheet'!U48 -> 0.33082575 | R48: ='Main Sheet'!Z48 -> 0.54122937 | S48: ='Main Sheet'!AA48 -> 1 | T48: ='Main Sheet'!AB48 -> 0.049689442 | U48: ='Main Sheet'!AC48 -> 0.094674557 | V48: ='Main Sheet'!AD48 -> 0.81293541 | W48: ='Main Sheet'!AE48 -> 0.81892729
D49: 2 | E49: ='Main Sheet'!E49 -> 15 | F49: ='Main Sheet'!F49 -> 0.9186992 | G49: ='Main Sheet'!G49 -> 0.69444442 | H49: ='Main Sheet'!H49 -> 0.21929824 | I49: ='Main Sheet'!I49 -> 0.33333334 | J49: ='Main Sheet'!J49 -> 0.8702839 | K49: ='Main Sheet'!K49 -> 0.48008829 | L49: ='Main Sheet'!P49 -> 0.91324198 | M49: ='Main Sheet'!Q49 -> 0.44736841 | N49: ='Main Sheet'!R49 -> 0.15454546 | O49: ='Main Sheet'!S49 -> 0.22972973 | P49: ='Main Sheet'!T49 -> 0.8217079 | Q49: ='Main Sheet'!U49 -> 0.33657336 | R49: ='Main Sheet'!Z49 -> 0.56371814 | S49: ='Main Sheet'!AA49 -> 1 | T49: ='Main Sheet'!AB49 -> 0.096273296 | U49: ='Main Sheet'!AC49 -> 0.17563739 | V49: ='Main Sheet'!AD49 -> 0.8102079 | W49: ='Main Sheet'!AE49 -> 0.83249682
D50: 3 | E50: ='Main Sheet'!E50 -> 14 | F50: ='Main Sheet'!F50 -> 0.91613418 | G50: ='Main Sheet'!G50 -> 0.58823532 | H50: ='Main Sheet'!H50 -> 0.18018018 | I50: ='Main Sheet'!I50 -> 0.27586207 | J50: ='Main Sheet'!J50 -> 0.84948409 | K50: ='Main Sheet'!K50 -> 0.39583665 | L50: ='Main Sheet'!P50 -> 0.91476411 | M50: ='Main Sheet'!Q50 -> 0.47727272 | N50: ='Main Sheet'!R50 -> 0.19090909 | O50: ='Main Sheet'!S50 -> 0.27272728 | P50: ='Main Sheet'!T50 -> 0.84462398 | Q50: ='Main Sheet'!U50 -> 0.33928376 | R50: ='Main Sheet'!Z50 -> 0.57571214 | S50: ='Main Sheet'!AA50 -> 1 | T50: ='Main Sheet'!AB50 -> 0.12111801 | U50: ='Main Sheet'!AC50 -> 0.21606648 | V50: ='Main Sheet'!AD50 -> 0.83111888 | W50: ='Main Sheet'!AE50 -> 0.8408919
D51: 4 | E51: ='Main Sheet'!E51 -> 17 | F51: ='Main Sheet'!F51 -> 0.85427135 | G51: ='Main Sheet'!G51 -> 0.30729166 | H51: ='Main Sheet'!H51 -> 0.58999997 | I51: ='Main Sheet'!I51 -> 0.4041096 | J51: ='Main Sheet'!J51 -> 0.8593328 | K51: ='Main Sheet'!K51 -> 0.43972123 | L51: ='Main Sheet'!P51 -> 0.83561641 | M51: ='Main Sheet'!Q51 -> 0.27350429 | N51: ='Main Sheet'!R51 -> 0.58181816 | O51: ='Main Sheet'!S51 -> 0.37209302 | P51: ='Main Sheet'!T51 -> 0.84529597 | Q51: ='Main Sheet'!U51 -> 0.28834438 | R51: ='Main Sheet'!Z51 -> 0.70164919 | S51: ='Main Sheet'!AA51 -> 0.82539684 | T51: ='Main Sheet'!AB51 -> 0.48447204 | U51: ='Main Sheet'!AC51 -> 0.61056751 | V51: ='Main Sheet'!AD51 -> 0.77432716 | W51: ='Main Sheet'!AE51 -> 0.76891565
A52: Video-pretrained | B52: resnet3d | C52: 18 | D52: 1 | E52: ='Main Sheet'!E52 -> 6 | F52: ='Main Sheet'!F52 -> 0.88746804 | G52: ='Main Sheet'!G52 -> 0.46153846 | H52: ='Main Sheet'!H52 -> 0.60000002 | I52: ='Main Sheet'!I52 -> 0.52173913 | J52: ='Main Sheet'!J52 -> 0.84867036 | K52: ='Main Sheet'!K52 -> 0.49701083 | L52: ='Main Sheet'!P52 -> 0.87214613 | M52: ='Main Sheet'!Q52 -> 0.34895834 | N52: ='Main Sheet'!R52 -> 0.60909092 | O52: ='Main Sheet'!S52 -> 0.4437086 | P52: ='Main Sheet'!T52 -> 0.85996675 | Q52: ='Main Sheet'!U52 -> 0.39321515 | R52: ='Main Sheet'!Z52 -> 0.70614696 | S52: ='Main Sheet'!AA52 -> 0.90384614 | T52: ='Main Sheet'!AB52 -> 0.43788821 | U52: ='Main Sheet'!AC52 -> 0.58995813 | V52: ='Main Sheet'!AD52 -> 0.80925375 | W52: ='Main Sheet'!AE52 -> 0.82250732
D53: 2 | E53: ='Main Sheet'!E53 -> 8 | F53: ='Main Sheet'!F53 -> 0.91707319 | G53: ='Main Sheet'!G53 -> 0.60000002 | H53: ='Main Sheet'!H53 -> 0.31578946 | I53: ='Main Sheet'!I53 -> 0.41379312 | J53: ='Main Sheet'!J53 -> 0.88900679 | K53: ='Main Sheet'!K53 -> 0.54354256 | L53: ='Main Sheet'!P53 -> 0.9170472 | M53: ='Main Sheet'!Q53 -> 0.50704223 | N53: ='Main Sheet'!R53 -> 0.32727271 | O53: ='Main Sheet'!S53 -> 0.39779004 | P53: ='Main Sheet'!T53 -> 0.86401391 | Q53: ='Main Sheet'!U53 -> 0.44246089 | R53: ='Main Sheet'!Z53 -> 0.59220392 | S53: ='Main Sheet'!AA53 -> 0.96296299 | T53: ='Main Sheet'!AB53 -> 0.16149068 | U53: ='Main Sheet'!AC53 -> 0.27659574 | V53: ='Main Sheet'!AD53 -> 0.79684037 | W53: ='Main Sheet'!AE53 -> 0.81430995
D54: 3 | E54: ='Main Sheet'!E54 -> 6 | F54: ='Main Sheet'!F54 -> 0.86421728 | G54: ='Main Sheet'!G54 -> 0.35748792 | H54: ='Main Sheet'!H54 -> 0.66666669 | I54: ='Main Sheet'!I54 -> 0.4654088 | J54: ='Main Sheet'!J54 -> 0.84707576 | K54: ='Main Sheet'!K54 -> 0.42528278 | L54: ='Main Sheet'!P54 -> 0.8386606 | M54: ='Main Sheet'!Q54 -> 0.29098362 | N54: ='Main Sheet'!R54 -> 0.64545453 | O54: ='Main Sheet'!S54 -> 0.40112993 | P54: ='Main Sheet'!T54 -> 0.86666423 | Q54: ='Main Sheet'!U54 -> 0.39284027 | R54: ='Main Sheet'!Z54 -> 0.7301349 | S54: ='Main Sheet'!AA54 -> 0.90804595 | T54: ='Main Sheet'!AB54 -> 0.49068323 | U54: ='Main Sheet'!AC54 -> 0.63709676 | V54: ='Main Sheet'!AD54 -> 0.81712121 | W54: ='Main Sheet'!AE54 -> 0.84133291
D55: 4 | E55: ='Main Sheet'!E55 -> 8 | F55: ='Main Sheet'!F55 -> 0.85175878 | G55: ='Main Sheet'!G55 -> 0.33617023 | H55: ='Main Sheet'!H55 -> 0.79000002 | I55: ='Main Sheet'!I55 -> 0.47164178 | J55: ='Main Sheet'!J55 -> 0.88942409 | K55: ='Main Sheet'!K55 -> 0.5019964 | L55: ='Main Sheet'!P55 -> 0.81735158 | M55: ='Main Sheet'!Q55 -> 0.27586207 | N55: ='Main Sheet'!R55 -> 0.72727275 | O55: ='Main Sheet'!S55 -> 0.40000001 | P55: ='Main Sheet'!T55 -> 0.87003928 | Q55: ='Main Sheet'!U55 -> 0.42728609 | R55: ='Main Sheet'!Z55 -> 0.73913044 | S55: ='Main Sheet'!AA55 -> 0.85922331 | T55: ='Main Sheet'!AB55 -> 0.54968941 | U55: ='Main Sheet'!AC55 -> 0.67045456 | V55: ='Main Sheet'!AD55 -> 0.80617517 | W55: ='Main Sheet'!AE55 -> 0.82730806
C56: 34 | D56: 1 | E56: ='Main Sheet'!E56 -> 3 | F56: ='Main Sheet'!F56 -> 0.86956519 | G56: ='Main Sheet'!G56 -> 0.40571427 | H56: ='Main Sheet'!H56 -> 0.59166664 | I56: ='Main Sheet'!I56 -> 0.48135594 | J56: ='Main Sheet'!J56 -> 0.85361671 | K56: ='Main Sheet'!K56 -> 0.38477489 | L56: ='Main Sheet'!P56 -> 0.87823439 | M56: ='Main Sheet'!Q56 -> 0.35955057 | N56: ='Main Sheet'!R56 -> 0.58181816 | O56: ='Main Sheet'!S56 -> 0.44444445 | P56: ='Main Sheet'!T56 -> 0.84364998 | Q56: ='Main Sheet'!U56 -> 0.35103536 | R56: ='Main Sheet'!Z56 -> 0.70464766 | S56: ='Main Sheet'!AA56 -> 0.87425148 | T56: ='Main Sheet'!AB56 -> 0.45341614 | U56: ='Main Sheet'!AC56 -> 0.59713703 | V56: ='Main Sheet'!AD56 -> 0.81300747 | W56: ='Main Sheet'!AE56 -> 0.82522678
D57: 2 | E57: ='Main Sheet'!E57 -> 20 | F57: ='Main Sheet'!F57 -> 0.90813011 | G57: ='Main Sheet'!G57 -> 0.50467288 | H57: ='Main Sheet'!H57 -> 0.47368422 | I57: ='Main Sheet'!I57 -> 0.48868778 | J57: ='Main Sheet'!J57 -> 0.89228439 | K57: ='Main Sheet'!K57 -> 0.5288102 | L57: ='Main Sheet'!P57 -> 0.89649922 | M57: ='Main Sheet'!Q57 -> 0.40845069 | N57: ='Main Sheet'!R57 -> 0.5272727 | O57: ='Main Sheet'!S57 -> 0.46031746 | P57: ='Main Sheet'!T57 -> 0.86284357 | Q57: ='Main Sheet'!U57 -> 0.4079845 | R57: ='Main Sheet'!Z57 -> 0.66566718 | S57: ='Main Sheet'!AA57 -> 0.93805307 | T57: ='Main Sheet'!AB57 -> 0.32919255 | U57: ='Main Sheet'!AC57 -> 0.48735633 | V57: ='Main Sheet'!AD57 -> 0.82100105 | W57: ='Main Sheet'!AE57 -> 0.83263493
D58: 3 | E58: ='Main Sheet'!E58 -> 10 | F58: ='Main Sheet'!F58 -> 0.91853034 | G58: ='Main Sheet'!G58 -> 0.58823532 | H58: ='Main Sheet'!H58 -> 0.27027026 | I58: ='Main Sheet'!I58 -> 0.37037036 | J58: ='Main Sheet'!J58 -> 0.86327779 | K58: ='Main Sheet'!K58 -> 0.4263052 | L58: ='Main Sheet'!P58 -> 0.91476411 | M58: ='Main Sheet'!Q58 -> 0.48148149 | N58: ='Main Sheet'!R58 -> 0.23636363 | O58: ='Main Sheet'!S58 -> 0.31707317 | P58: ='Main Sheet'!T58 -> 0.85711265 | Q58: ='Main Sheet'!U58 -> 0.40534014 | R58: ='Main Sheet'!Z58 -> 0.59970015 | S58: ='Main Sheet'!AA58 -> 0.96610171 | T58: ='Main Sheet'!AB58 -> 0.17701863 | U58: ='Main Sheet'!AC58 -> 0.2992126 | V58: ='Main Sheet'!AD58 -> 0.81330454 | W58: ='Main Sheet'!AE58 -> 0.82211685
D59: 4 | E59: ='Main Sheet'!E59 -> 31 | F59: ='Main Sheet'!F59 -> 0.90284759 | G59: ='Main Sheet'!G59 -> 0.44117647 | H59: ='Main Sheet'!H59 -> 0.60000002 | I59: ='Main Sheet'!I59 -> 0.50847459 | J59: ='Main Sheet'!J59 -> 0.89585912 | K59: ='Main Sheet'!K59 -> 0.49422032 | L59: ='Main Sheet'!P59 -> 0.87747335 | M59: ='Main Sheet'!Q59 -> 0.35260117 | N59: ='Main Sheet'!R59 -> 0.55454546 | O59: ='Main Sheet'!S59 -> 0.43109539 | P59: ='Main Sheet'!T59 -> 0.84563577 | Q59: ='Main Sheet'!U59 -> 0.38255936 | R59: ='Main Sheet'!Z59 -> 0.68365818 | S59: ='Main Sheet'!AA59 -> 0.89361703 | T59: ='Main Sheet'!AB59 -> 0.39130434 | U59: ='Main Sheet'!AC59 -> 0.54427648 | V59: ='Main Sheet'!AD59 -> 0.80054009 | W59: ='Main Sheet'!AE59 -> 0.80730128
C60: 50 | D60: 1 | E60: ='Main Sheet'!E60 -> 20 | F60: ='Main Sheet'!F60 -> 0.8806479 | G60: ='Main Sheet'!G60 -> 0.42063493 | H60: ='Main Sheet'!H60 -> 0.44166666 | I60: ='Main Sheet'!I60 -> 0.43089432 | J60: ='Main Sheet'!J60 -> 0.85489863 | K60: ='Main Sheet'!K60 -> 0.38231185 | L60: ='Main Sheet'!P60 -> 0.89269406 | M60: ='Main Sheet'!Q60 -> 0.40127388 | N60: ='Main Sheet'!R60 -> 0.57272726 | O60: ='Main Sheet'!S60 -> 0.47191012 | P60: ='Main Sheet'!T60 -> 0.85637271 | Q60: ='Main Sheet'!U60 -> 0.49981117 | R60: ='Main Sheet'!Z60 -> 0.69715142 | S60: ='Main Sheet'!AA60 -> 0.95454544 | T60: ='Main Sheet'!AB60 -> 0.39130434 | U60: ='Main Sheet'!AC60 -> 0.55506611 | V60: ='Main Sheet'!AD60 -> 0.83881539 | W60: ='Main Sheet'!AE60 -> 0.8562898
D61: 2 | E61: ='Main Sheet'!E61 -> 4 | F61: ='Main Sheet'!F61 -> 0.89918697 | G61: ='Main Sheet'!G61 -> 0.4609375 | H61: ='Main Sheet'!H61 -> 0.51754385 | I61: ='Main Sheet'!I61 -> 0.48760331 | J61: ='Main Sheet'!J61 -> 0.90357161 | K61: ='Main Sheet'!K61 -> 0.49297506 | L61: ='Main Sheet'!P61 -> 0.88508373 | M61: ='Main Sheet'!Q61 -> 0.3605442 | N61: ='Main Sheet'!R61 -> 0.48181817 | O61: ='Main Sheet'!S61 -> 0.41245136 | P61: ='Main Sheet'!T61 -> 0.85785258 | Q61: ='Main Sheet'!U61 -> 0.37971735 | R61: ='Main Sheet'!Z61 -> 0.70164919 | S61: ='Main Sheet'!AA61 -> 0.96946567 | T61: ='Main Sheet'!AB61 -> 0.39440992 | U61: ='Main Sheet'!AC61 -> 0.56070638 | V61: ='Main Sheet'!AD61 -> 0.84496355 | W61: ='Main Sheet'!AE61 -> 0.87243712
D62: 3 | E62: ='Main Sheet'!E62 -> 9 | F62: ='Main Sheet'!F62 -> 0.90335464 | G62: ='Main Sheet'!G62 -> 0.45901638 | H62: ='Main Sheet'!H62 -> 0.5045045 | I62: ='Main Sheet'!I62 -> 0.48068669 | J62: ='Main Sheet'!J62 -> 0.85838246 | K62: ='Main Sheet'!K62 -> 0.48779804 | L62: ='Main Sheet'!P62 -> 0.8843227 | M62: ='Main Sheet'!Q62 -> 0.375 | N62: ='Main Sheet'!R62 -> 0.57272726 | O62: ='Main Sheet'!S62 -> 0.45323741 | P62: ='Main Sheet'!T62 -> 0.86078972 | Q62: ='Main Sheet'!U62 -> 0.46594262 | R62: ='Main Sheet'!Z62 -> 0.67466265 | S62: ='Main Sheet'!AA62 -> 0.94117647 | T62: ='Main Sheet'!AB62 -> 0.34782609 | U62: ='Main Sheet'!AC62 -> 0.50793654 | V62: ='Main Sheet'!AD62 -> 0.85581052 | W62: ='Main Sheet'!AE62 -> 0.85175771
D63: 4 | E63: ='Main Sheet'!E63 -> 8 | F63: ='Main Sheet'!F63 -> 0.86097151 | G63: ='Main Sheet'!G63 -> 0.34722221 | H63: ='Main Sheet'!H63 -> 0.75 | I63: ='Main Sheet'!I63 -> 0.47468355 | J63: ='Main Sheet'!J63 -> 0.89904934 | K63: ='Main Sheet'!K63 -> 0.48348343 | L63: ='Main Sheet'!P63 -> 0.83181125 | M63: ='Main Sheet'!Q63 -> 0.3024911 | N63: ='Main Sheet'!R63 -> 0.77272725 | O63: ='Main Sheet'!S63 -> 0.43478259 | P63: ='Main Sheet'!T63 -> 0.87798995 | Q63: ='Main Sheet'!U63 -> 0.39214629 | R63: ='Main Sheet'!Z63 -> 0.77811092 | S63: ='Main Sheet'!AA63 -> 0.88839287 | T63: ='Main Sheet'!AB63 -> 0.61801243 | U63: ='Main Sheet'!AC63 -> 0.72893775 | V63: ='Main Sheet'!AD63 -> 0.87261677 | W63: ='Main Sheet'!AE63 -> 0.88236368
A64: Fresh | B64: ViViT (1ch) | D64: 1 | E64: ='Main Sheet'!E64 -> 38 | F64: ='Main Sheet'!F64 -> 0.89769822 | G64: ='Main Sheet'!G64 -> 0 | H64: ='Main Sheet'!H64 -> 0 | I64: ='Main Sheet'!I64 -> 0 | J64: ='Main Sheet'!J64 -> 0.69873369 | K64: ='Main Sheet'!K64 -> 0.19846301 | L64: ='Main Sheet'!P64 -> 0.91628617 | M64: ='Main Sheet'!Q64 -> 0 | N64: ='Main Sheet'!R64 -> 0 | O64: ='Main Sheet'!S64 -> 0 | P64: ='Main Sheet'!T64 -> 0.68266386 | Q64: ='Main Sheet'!U64 -> 0.1781539 | R64: ='Main Sheet'!Z64 -> 0.51724136 | S64: ='Main Sheet'!AA64 -> 0 | T64: ='Main Sheet'!AB64 -> 0 | U64: ='Main Sheet'!AC64 -> 0 | V64: ='Main Sheet'!AD64 -> 0.58995408 | W64: ='Main Sheet'!AE64 -> 0.54980528
D65: 2 | E65: ='Main Sheet'!E65 -> 46 | F65: ='Main Sheet'!F65 -> 0.9073171 | G65: ='Main Sheet'!G65 -> 0 | H65: ='Main Sheet'!H65 -> 0 | I65: ='Main Sheet'!I65 -> 0 | J65: ='Main Sheet'!J65 -> 0.74301231 | K65: ='Main Sheet'!K65 -> 0.22170831 | L65: ='Main Sheet'!P65 -> 0.91628617 | M65: ='Main Sheet'!Q65 -> 0 | N65: ='Main Sheet'!R65 -> 0 | O65: ='Main Sheet'!S65 -> 0 | P65: ='Main Sheet'!T65 -> 0.67980224 | Q65: ='Main Sheet'!U65 -> 0.13317539 | R65: ='Main Sheet'!Z65 -> 0.51724136 | S65: ='Main Sheet'!AA65 -> 0 | T65: ='Main Sheet'!AB65 -> 0 | U65: ='Main Sheet'!AC65 -> 0 | V65: ='Main Sheet'!AD65 -> 0.57148266 | W65: ='Main Sheet'!AE65 -> 0.51970011
D66: 3 | E66: ='Main Sheet'!E66 -> 48 | F66: ='Main Sheet'!F66 -> 0.91134185 | G66: ='Main Sheet'!G66 -> 0 | H66: ='Main Sheet'!H66 -> 0 | I66: ='Main Sheet'!I66 -> 0 | J66: ='Main Sheet'!J66 -> 0.65843928 | K66: ='Main Sheet'!K66 -> 0.13704248 | L66: ='Main Sheet'!P66 -> 0.91628617 | M66: ='Main Sheet'!Q66 -> 0 | N66: ='Main Sheet'!R66 -> 0 | O66: ='Main Sheet'!S66 -> 0 | P66: ='Main Sheet'!T66 -> 0.65945333 | Q66: ='Main Sheet'!U66 -> 0.1282936 | R66: ='Main Sheet'!Z66 -> 0.51724136 | S66: ='Main Sheet'!AA66 -> 0 | T66: ='Main Sheet'!AB66 -> 0 | U66: ='Main Sheet'!AC66 -> 0 | V66: ='Main Sheet'!AD66 -> 0.56578445 | W66: ='Main Sheet'!AE66 -> 0.5214659
D67: 4 | E67: ='Main Sheet'!E67 -> 50 | F67: ='Main Sheet'!F67 -> 0.9162479 | G67: ='Main Sheet'!G67 -> 0 | H67: ='Main Sheet'!H67 -> 0 | I67: ='Main Sheet'!I67 -> 0 | J67: ='Main Sheet'!J67 -> 0.75765997 | K67: ='Main Sheet'!K67 -> 0.22631021 | L67: ='Main Sheet'!P67 -> 0.91628617 | M67: ='Main Sheet'!Q67 -> 0 | N67: ='Main Sheet'!R67 -> 0 | O67: ='Main Sheet'!S67 -> 0 | P67: ='Main Sheet'!T67 -> 0.71057081 | Q67: ='Main Sheet'!U67 -> 0.17822531 | R67: ='Main Sheet'!Z67 -> 0.51724136 | S67: ='Main Sheet'!AA67 -> 0 | T67: ='Main Sheet'!AB67 -> 0 | U67: ='Main Sheet'!AC67 -> 0 | V67: ='Main Sheet'!AD67 -> 0.64655685 | W67: ='Main Sheet'!AE67 -> 0.59876233
A68: Fresh | B68: ViViT (3ch) | D68: 1 | E68: ='Main Sheet'!E68 -> 16 | F68: ='Main Sheet'!F68 -> 0.89769822 | G68: ='Main Sheet'!G68 -> 0 | H68: ='Main Sheet'!H68 -> 0 | I68: ='Main Sheet'!I68 -> 0 | J68: ='Main Sheet'!J68 -> 0.70262742 | K68: ='Main Sheet'!K68 -> 0.18372901 | L68: ='Main Sheet'!P68 -> 0.91628617 | M68: ='Main Sheet'!Q68 -> 0 | N68: ='Main Sheet'!R68 -> 0 | O68: ='Main Sheet'!S68 -> 0 | P68: ='Main Sheet'!T68 -> 0.67237246 | Q68: ='Main Sheet'!U68 -> 0.14077334 | R68: ='Main Sheet'!Z68 -> 0.51724136 | S68: ='Main Sheet'!AA68 -> 0 | T68: ='Main Sheet'!AB68 -> 0 | U68: ='Main Sheet'!AC68 -> 0 | V68: ='Main Sheet'!AD68 -> 0.53664589 | W68: ='Main Sheet'!AE68 -> 0.49642056
D69: 2 | E69: ='Main Sheet'!E69 -> 34 | F69: ='Main Sheet'!F69 -> 0.9073171 | G69: ='Main Sheet'!G69 -> 0 | H69: ='Main Sheet'!H69 -> 0 | I69: ='Main Sheet'!I69 -> 0 | J69: ='Main Sheet'!J69 -> 0.73716444 | K69: ='Main Sheet'!K69 -> 0.22935152 | L69: ='Main Sheet'!P69 -> 0.91628617 | M69: ='Main Sheet'!Q69 -> 0 | N69: ='Main Sheet'!R69 -> 0 | O69: ='Main Sheet'!S69 -> 0 | P69: ='Main Sheet'!T69 -> 0.6824978 | Q69: ='Main Sheet'!U69 -> 0.13920669 | R69: ='Main Sheet'!Z69 -> 0.51724136 | S69: ='Main Sheet'!AA69 -> 0 | T69: ='Main Sheet'!AB69 -> 0 | U69: ='Main Sheet'!AC69 -> 0 | V69: ='Main Sheet'!AD69 -> 0.58226663 | W69: ='Main Sheet'!AE69 -> 0.53252709
D70: 3 | E70: ='Main Sheet'!E70 -> 31 | F70: ='Main Sheet'!F70 -> 0.91134185 | G70: ='Main Sheet'!G70 -> 0 | H70: ='Main Sheet'!H70 -> 0 | I70: ='Main Sheet'!I70 -> 0 | J70: ='Main Sheet'!J70 -> 0.67117512 | K70: ='Main Sheet'!K70 -> 0.14150363 | L70: ='Main Sheet'!P70 -> 0.91628617 | M70: ='Main Sheet'!Q70 -> 0 | N70: ='Main Sheet'!R70 -> 0 | O70: ='Main Sheet'!S70 -> 0 | P70: ='Main Sheet'!T70 -> 0.63686955 | Q70: ='Main Sheet'!U70 -> 0.12448006 | R70: ='Main Sheet'!Z70 -> 0.51724136 | S70: ='Main Sheet'!AA70 -> 0 | T70: ='Main Sheet'!AB70 -> 0 | U70: ='Main Sheet'!AC70 -> 0 | V70: ='Main Sheet'!AD70 -> 0.58876586 | W70: ='Main Sheet'!AE70 -> 0.53367698
D71: 4 | E71: ='Main Sheet'!E71 -> 45 | F71: ='Main Sheet'!F71 -> 0.9154104 | G71: ='Main Sheet'!G71 -> 0 | H71: ='Main Sheet'!H71 -> 0 | I71: ='Main Sheet'!I71 -> 0 | J71: ='Main Sheet'!J71 -> 0.72410423 | K71: ='Main Sheet'!K71 -> 0.21840052 | L71: ='Main Sheet'!P71 -> 0.91628617 | M71: ='Main Sheet'!Q71 -> 0 | N71: ='Main Sheet'!R71 -> 0 | O71: ='Main Sheet'!S71 -> 0 | P71: ='Main Sheet'!T71 -> 0.68302631 | Q71: ='Main Sheet'!U71 -> 0.14902006 | R71: ='Main Sheet'!Z71 -> 0.51724136 | S71: ='Main Sheet'!AA71 -> 0 | T71: ='Main Sheet'!AB71 -> 0 | U71: ='Main Sheet'!AC71 -> 0 | V71: ='Main Sheet'!AD71 -> 0.60960484 | W71: ='Main Sheet'!AE71 -> 0.55841643
A72: Video-pretrained | B72: ViViT | D72: 1 | E72: ='Main Sheet'!E72 -> 45 | F72: ='Main Sheet'!F72 -> 0.88320547 | G72: ='Main Sheet'!G72 -> 0.39506173 | H72: ='Main Sheet'!H72 -> 0.26666668 | I72: ='Main Sheet'!I72 -> 0.31840795 | J72: ='Main Sheet'!J72 -> 0.81348526 | K72: ='Main Sheet'!K72 -> 0.33723289 | L72: ='Main Sheet'!P72 -> 0.90106547 | M72: ='Main Sheet'!Q72 -> 0.40384614 | N72: ='Main Sheet'!R72 -> 0.38181818 | O72: ='Main Sheet'!S72 -> 0.39252338 | P72: ='Main Sheet'!T72 -> 0.81936729 | Q72: ='Main Sheet'!U72 -> 0.3269943 | R72: ='Main Sheet'!Z72 -> 0.77811092 | S72: ='Main Sheet'!AA72 -> 0.88839287 | T72: ='Main Sheet'!AB72 -> 0.61801243 | U72: ='Main Sheet'!AC72 -> 0.72893775 | V72: ='Main Sheet'!AD72 -> 0.87261677 | W72: ='Main Sheet'!AE72 -> 0.88236368
D73: 2 | E73: ='Main Sheet'!E73 -> 4 | F73: ='Main Sheet'!F73 -> 0.9073171 | G73: ='Main Sheet'!G73 -> 0.5 | H73: ='Main Sheet'!H73 -> 0.2631579 | I73: ='Main Sheet'!I73 -> 0.34482759 | J73: ='Main Sheet'!J73 -> 0.85689807 | K73: ='Main Sheet'!K73 -> 0.39140478 | L73: ='Main Sheet'!P73 -> 0.89269406 | M73: ='Main Sheet'!Q73 -> 0.28767124 | N73: ='Main Sheet'!R73 -> 0.19090909 | O73: ='Main Sheet'!S73 -> 0.22950819 | P73: ='Main Sheet'!T73 -> 0.7694428 | Q73: ='Main Sheet'!U73 -> 0.23001714 | R73: ='Main Sheet'!Z73 -> 0.6311844 | S73: ='Main Sheet'!AA73 -> 0.96341461 | T73: ='Main Sheet'!AB73 -> 0.24534161 | U73: ='Main Sheet'!AC73 -> 0.39108911 | V73: ='Main Sheet'!AD73 -> 0.79179043 | W73: ='Main Sheet'!AE73 -> 0.80607629
D74: 3 | E74: ='Main Sheet'!E74 -> 6 | F74: ='Main Sheet'!F74 -> 0.84744412 | G74: ='Main Sheet'!G74 -> 0.3019802 | H74: ='Main Sheet'!H74 -> 0.54954952 | I74: ='Main Sheet'!I74 -> 0.38977635 | J74: ='Main Sheet'!J74 -> 0.81745112 | K74: ='Main Sheet'!K74 -> 0.33580387 | L74: ='Main Sheet'!P74 -> 0.83409435 | M74: ='Main Sheet'!Q74 -> 0.25892857 | N74: ='Main Sheet'!R74 -> 0.5272727 | O74: ='Main Sheet'!S74 -> 0.34730539 | P74: ='Main Sheet'!T74 -> 0.80030209 | Q74: ='Main Sheet'!U74 -> 0.27865142 | R74: ='Main Sheet'!Z74 -> 0.60719639 | S74: ='Main Sheet'!AA74 -> 0.91666669 | T74: ='Main Sheet'!AB74 -> 0.20496894 | U74: ='Main Sheet'!AC74 -> 0.33502537 | V74: ='Main Sheet'!AD74 -> 0.78153741 | W74: ='Main Sheet'!AE74 -> 0.78476024
D75: 4 | E75: ='Main Sheet'!E75 -> 17 | F75: ='Main Sheet'!F75 -> 0.84254605 | G75: ='Main Sheet'!G75 -> 0.30000001 | H75: ='Main Sheet'!H75 -> 0.66000003 | I75: ='Main Sheet'!I75 -> 0.41249999 | J75: ='Main Sheet'!J75 -> 0.8703382 | K75: ='Main Sheet'!K75 -> 0.38080043 | L75: ='Main Sheet'!P75 -> 0.82952815 | M75: ='Main Sheet'!Q75 -> 0.27559054 | N75: ='Main Sheet'!R75 -> 0.63636363 | O75: ='Main Sheet'!S75 -> 0.38461539 | P75: ='Main Sheet'!T75 -> 0.84190577 | Q75: ='Main Sheet'!U75 -> 0.3165122 | R75: ='Main Sheet'!Z75 -> 0.69565219 | S75: ='Main Sheet'!AA75 -> 0.83999997 | T75: ='Main Sheet'!AB75 -> 0.45652175 | U75: ='Main Sheet'!AC75 -> 0.59154928 | V75: ='Main Sheet'!AD75 -> 0.79415792 | W75: ='Main Sheet'!AE75 -> 0.80812556

Sheet 2stage Sheet
A1: Type | B1: Model | D1: Fold | E1: Validation | K1: Test
B2: Name | C2: Depth | E2: Accuracy | F2: Precision | G2: Recall | H2: F1 | I2: AUROC | J2: AP | K2: Accuracy | L2: Precision | M2: Recall | N2: F1 | O2: AUROC | P2: AP
A4: Medical-pretrained | B4: medicalnet | C4: 18 | D4: 1 | E4: =k_fold_2stage_output!D2 -> 0.86956519 | F4: =k_fold_2stage_output!E2 -> 0.37956205 | G4: =k_fold_2stage_output!F2 -> 0.43333334 | H4: =k_fold_2stage_output!G2 -> 0.40466926 | I4: =k_fold_2stage_output!H2 -> 0.83078504 | J4: =k_fold_2stage_output!I2 -> 0.37758863 | K4: =k_fold_2stage_output!N2 -> 0.88508373 | L4: =k_fold_2stage_output!O2 -> 0.34351146 | M4: =k_fold_2stage_output!P2 -> 0.40909091 | N4: =k_fold_2stage_output!Q2 -> 0.37344399 | O4: =k_fold_2stage_output!R2 -> 0.84165657 | P4: =k_fold_2stage_output!S2 -> 0.32382387
D5: 2 | E5: =k_fold_2stage_output!D3 -> 0.90487802 | F5: =k_fold_2stage_output!E3 -> 0.48739496 | G5: =k_fold_2stage_output!F3 -> 0.50877196 | H5: =k_fold_2stage_output!G3 -> 0.49785408 | I5: =k_fold_2stage_output!H3 -> 0.89392722 | J5: =k_fold_2stage_output!I3 -> 0.53801501 | K5: =k_fold_2stage_output!N3 -> 0.8866058 | L5: =k_fold_2stage_output!O3 -> 0.34400001 | M5: =k_fold_2stage_output!P3 -> 0.39090911 | N5: =k_fold_2stage_output!Q3 -> 0.36595744 | O5: =k_fold_2stage_output!R3 -> 0.83157659 | P5: =k_fold_2stage_output!S3 -> 0.30148157
D6: 3 | E6: =k_fold_2stage_output!D4 -> 0.87060702 | F6: =k_fold_2stage_output!E4 -> 0.32413793 | G6: =k_fold_2stage_output!F4 -> 0.42342341 | H6: =k_fold_2stage_output!G4 -> 0.3671875 | I6: =k_fold_2stage_output!H4 -> 0.84429651 | J6: =k_fold_2stage_output!I4 -> 0.34148261 | K6: =k_fold_2stage_output!N4 -> 0.8713851 | L6: =k_fold_2stage_output!O4 -> 0.30201343 | M6: =k_fold_2stage_output!P4 -> 0.40909091 | N6: =k_fold_2stage_output!Q4 -> 0.34749034 | O6: =k_fold_2stage_output!R4 -> 0.83736783 | P6: =k_fold_2stage_output!S4 -> 0.33937109
D7: 4 | E7: =k_fold_2stage_output!D5 -> 0.92043549 | F7: =k_fold_2stage_output!E5 -> 0.5316456 | G7: =k_fold_2stage_output!F5 -> 0.41999999 | H7: =k_fold_2stage_output!G5 -> 0.46927375 | I7: =k_fold_2stage_output!H5 -> 0.87220299 | J7: =k_fold_2stage_output!I5 -> 0.47592571 | K7: =k_fold_2stage_output!N5 -> 0.89041096 | L7: =k_fold_2stage_output!O5 -> 0.29761904 | M7: =k_fold_2stage_output!P5 -> 0.22727273 | N7: =k_fold_2stage_output!Q5 -> 0.25773194 | O7: =k_fold_2stage_output!R5 -> 0.83717155 | P7: =k_fold_2stage_output!S5 -> 0.27202839
C8: 34 | D8: 1 | E8: =k_fold_2stage_output!D6 -> 0.87297529 | F8: =k_fold_2stage_output!E6 -> 0.37168142 | G8: =k_fold_2stage_output!F6 -> 0.34999999 | H8: =k_fold_2stage_output!G6 -> 0.36051503 | I8: =k_fold_2stage_output!H6 -> 0.8400681 | J8: =k_fold_2stage_output!I6 -> 0.34158233 | K8: =k_fold_2stage_output!N6 -> 0.89269406 | L8: =k_fold_2stage_output!O6 -> 0.37984496 | M8: =k_fold_2stage_output!P6 -> 0.44545454 | N8: =k_fold_2stage_output!Q6 -> 0.41004184 | O8: =k_fold_2stage_output!R6 -> 0.81941265 | P8: =k_fold_2stage_output!S6 -> 0.37349772
D9: 2 | E9: =k_fold_2stage_output!D7 -> 0.91300815 | F9: =k_fold_2stage_output!E7 -> 0.53684211 | G9: =k_fold_2stage_output!F7 -> 0.44736841 | H9: =k_fold_2stage_output!G7 -> 0.48803827 | I9: =k_fold_2stage_output!H7 -> 0.87250054 | J9: =k_fold_2stage_output!I7 -> 0.47781157 | K9: =k_fold_2stage_output!N7 -> 0.90715373 | L9: =k_fold_2stage_output!O7 -> 0.43181819 | M9: =k_fold_2stage_output!P7 -> 0.34545454 | N9: =k_fold_2stage_output!Q7 -> 0.38383839 | O9: =k_fold_2stage_output!R7 -> 0.84232861 | P9: =k_fold_2stage_output!S7 -> 0.35381767
D10: 3 | E10: =k_fold_2stage_output!D8 -> 0.88897765 | F10: =k_fold_2stage_output!E8 -> 0.390625 | G10: =k_fold_2stage_output!F8 -> 0.45045045 | H10: =k_fold_2stage_output!G8 -> 0.41841003 | I10: =k_fold_2stage_output!H8 -> 0.85670066 | J10: =k_fold_2stage_output!I8 -> 0.42364055 | K10: =k_fold_2stage_output!N8 -> 0.87747335 | L10: =k_fold_2stage_output!O8 -> 0.32413793 | M10: =k_fold_2stage_output!P8 -> 0.42727274 | N10: =k_fold_2stage_output!Q8 -> 0.36862746 | O10: =k_fold_2stage_output!R8 -> 0.85246146 | P10: =k_fold_2stage_output!S8 -> 0.35216168
D11: 4 | E11: =k_fold_2stage_output!D9 -> 0.91959798 | F11: =k_fold_2stage_output!E9 -> 0.52702701 | G11: =k_fold_2stage_output!F9 -> 0.38999999 | H11: =k_fold_2stage_output!G9 -> 0.44827586 | I11: =k_fold_2stage_output!H9 -> 0.8663162 | J11: =k_fold_2stage_output!I9 -> 0.51733571 | K11: =k_fold_2stage_output!N9 -> 0.90334857 | L11: =k_fold_2stage_output!O9 -> 0.33962265 | M11: =k_fold_2stage_output!P9 -> 0.16363636 | N11: =k_fold_2stage_output!Q9 -> 0.2208589 | O11: =k_fold_2stage_output!R9 -> 0.79332525 | P11: =k_fold_2stage_output!S9 -> 0.29745027
C12: 50 | D12: 1 | E12: =k_fold_2stage_output!D10 -> 0.8806479 | F12: =k_fold_2stage_output!E10 -> 0.41379312 | G12: =k_fold_2stage_output!F10 -> 0.40000001 | H12: =k_fold_2stage_output!G10 -> 0.40677965 | I12: =k_fold_2stage_output!H10 -> 0.82097191 | J12: =k_fold_2stage_output!I10 -> 0.3806558 | K12: =k_fold_2stage_output!N10 -> 0.869102 | L12: =k_fold_2stage_output!O10 -> 0.2651515 | M12: =k_fold_2stage_output!P10 -> 0.31818181 | N12: =k_fold_2stage_output!Q10 -> 0.28925619 | O12: =k_fold_2stage_output!R10 -> 0.8172003 | P12: =k_fold_2stage_output!S10 -> 0.28062385
D13: 2 | E13: =k_fold_2stage_output!D11 -> 0.90325201 | F13: =k_fold_2stage_output!E11 -> 0.46913579 | G13: =k_fold_2stage_output!F11 -> 0.33333334 | H13: =k_fold_2stage_output!G11 -> 0.3897436 | I13: =k_fold_2stage_output!H11 -> 0.87345147 | J13: =k_fold_2stage_output!I11 -> 0.45601785 | K13: =k_fold_2stage_output!N11 -> 0.88508373 | L13: =k_fold_2stage_output!O11 -> 0.26966292 | M13: =k_fold_2stage_output!P11 -> 0.21818182 | N13: =k_fold_2stage_output!Q11 -> 0.24120604 | O13: =k_fold_2stage_output!R11 -> 0.83612204 | P13: =k_fold_2stage_output!S11 -> 0.25460392
D14: 3 | E14: =k_fold_2stage_output!D12 -> 0.89536738 | F14: =k_fold_2stage_output!E12 -> 0.375 | G14: =k_fold_2stage_output!F12 -> 0.27027026 | H14: =k_fold_2stage_output!G12 -> 0.31413612 | I14: =k_fold_2stage_output!H12 -> 0.83259511 | J14: =k_fold_2stage_output!I12 -> 0.31329495 | K14: =k_fold_2stage_output!N12 -> 0.90258753 | L14: =k_fold_2stage_output!O12 -> 0.32692307 | M14: =k_fold_2stage_output!P12 -> 0.15454546 | N14: =k_fold_2stage_output!Q12 -> 0.20987654 | O14: =k_fold_2stage_output!R12 -> 0.82312745 | P14: =k_fold_2stage_output!S12 -> 0.26349485
D15: 4 | E15: =k_fold_2stage_output!D13 -> 0.90787268 | F15: =k_fold_2stage_output!E13 -> 0.45901638 | G15: =k_fold_2stage_output!F13 -> 0.56 | H15: =k_fold_2stage_output!G13 -> 0.5045045 | I15: =k_fold_2stage_output!H13 -> 0.88010973 | J15: =k_fold_2stage_output!I13 -> 0.5590052 | K15: =k_fold_2stage_output!N13 -> 0.88203955 | L15: =k_fold_2stage_output!O13 -> 0.35099337 | M15: =k_fold_2stage_output!P13 -> 0.48181817 | N15: =k_fold_2stage_output!Q13 -> 0.40613025 | O15: =k_fold_2stage_output!R13 -> 0.83453643 | P15: =k_fold_2stage_output!S13 -> 0.35391548
A16: Video-pretrained | B16: resnet3d | C16: 18 | D16: 1 | E16: =k_fold_2stage_output!D14 -> 0.87382782 | F16: =k_fold_2stage_output!E14 -> 0.41860464 | G16: =k_fold_2stage_output!F14 -> 0.60000002 | H16: =k_fold_2stage_output!G14 -> 0.49315068 | I16: =k_fold_2stage_output!H14 -> 0.85674268 | J16: =k_fold_2stage_output!I14 -> 0.43261746 | K16: =k_fold_2stage_output!N14 -> 0.86605781 | L16: =k_fold_2stage_output!O14 -> 0.33980581 | M16: =k_fold_2stage_output!P14 -> 0.63636363 | N16: =k_fold_2stage_output!Q14 -> 0.44303799 | O16: =k_fold_2stage_output!R14 -> 0.86457276 | P16: =k_fold_2stage_output!S14 -> 0.46481407
D17: 2 | E17: =k_fold_2stage_output!D15 -> 0.902439 | F17: =k_fold_2stage_output!E15 -> 0.48124999 | G17: =k_fold_2stage_output!F15 -> 0.67543858 | H17: =k_fold_2stage_output!G15 -> 0.56204379 | I17: =k_fold_2stage_output!H15 -> 0.90431052 | J17: =k_fold_2stage_output!I15 -> 0.61696267 | K17: =k_fold_2stage_output!N15 -> 0.8713851 | L17: =k_fold_2stage_output!O15 -> 0.35025382 | M17: =k_fold_2stage_output!P15 -> 0.62727273 | N17: =k_fold_2stage_output!Q15 -> 0.44951141 | O17: =k_fold_2stage_output!R15 -> 0.86371177 | P17: =k_fold_2stage_output!S15 -> 0.44874662
D18: 3 | E18: =k_fold_2stage_output!D16 -> 0.89217252 | F18: =k_fold_2stage_output!E16 -> 0.41304347 | G18: =k_fold_2stage_output!F16 -> 0.51351351 | H18: =k_fold_2stage_output!G16 -> 0.45783132 | I18: =k_fold_2stage_output!H16 -> 0.85211325 | J18: =k_fold_2stage_output!I16 -> 0.45201206 | K18: =k_fold_2stage_output!N16 -> 0.87899542 | L18: =k_fold_2stage_output!O16 -> 0.35329342 | M18: =k_fold_2stage_output!P16 -> 0.53636366 | N18: =k_fold_2stage_output!Q16 -> 0.42599279 | O18: =k_fold_2stage_output!R16 -> 0.8369149 | P18: =k_fold_2stage_output!S16 -> 0.41122216
D19: 4 | E19: =k_fold_2stage_output!D17 -> 0.91373533 | F19: =k_fold_2stage_output!E17 -> 0.48514852 | G19: =k_fold_2stage_output!F17 -> 0.49000001 | H19: =k_fold_2stage_output!G17 -> 0.48756218 | I19: =k_fold_2stage_output!H17 -> 0.908629 | J19: =k_fold_2stage_output!I17 -> 0.50343758 | K19: =k_fold_2stage_output!N17 -> 0.90943682 | L19: =k_fold_2stage_output!O17 -> 0.46399999 | M19: =k_fold_2stage_output!P17 -> 0.5272727 | N19: =k_fold_2stage_output!Q17 -> 0.49361703 | O19: =k_fold_2stage_output!R17 -> 0.87390512 | P19: =k_fold_2stage_output!S17 -> 0.46458676
C20: 34 | D20: 1 | E20: =k_fold_2stage_output!D18 -> 0.90451831 | F20: =k_fold_2stage_output!E18 -> 0.53773582 | G20: =k_fold_2stage_output!F18 -> 0.47499999 | H20: =k_fold_2stage_output!G18 -> 0.50442475 | I20: =k_fold_2stage_output!H18 -> 0.86302626 | J20: =k_fold_2stage_output!I18 -> 0.44907013 | K20: =k_fold_2stage_output!N18 -> 0.8843227 | L20: =k_fold_2stage_output!O18 -> 0.37037036 | M20: =k_fold_2stage_output!P18 -> 0.54545456 | N20: =k_fold_2stage_output!Q18 -> 0.44117647 | O20: =k_fold_2stage_output!R18 -> 0.86991853 | P20: =k_fold_2stage_output!S18 -> 0.43479031
D21: 2 | E21: =k_fold_2stage_output!D19 -> 0.88780487 | F21: =k_fold_2stage_output!E19 -> 0.42771083 | G21: =k_fold_2stage_output!F19 -> 0.62280703 | H21: =k_fold_2stage_output!G19 -> 0.50714284 | I21: =k_fold_2stage_output!H19 -> 0.8960731 | J21: =k_fold_2stage_output!I19 -> 0.53396803 | K21: =k_fold_2stage_output!N19 -> 0.88356167 | L21: =k_fold_2stage_output!O19 -> 0.37125748 | M21: =k_fold_2stage_output!P19 -> 0.56363636 | N21: =k_fold_2stage_output!Q19 -> 0.44765344 | O21: =k_fold_2stage_output!R19 -> 0.83617485 | P21: =k_fold_2stage_output!S19 -> 0.38414624
D22: 3 | E22: =k_fold_2stage_output!D20 -> 0.91453671 | F22: =k_fold_2stage_output!E20 -> 0.52127659 | G22: =k_fold_2stage_output!F20 -> 0.44144145 | H22: =k_fold_2stage_output!G20 -> 0.47804877 | I22: =k_fold_2stage_output!H20 -> 0.86608863 | J22: =k_fold_2stage_output!I20 -> 0.48671588 | K22: =k_fold_2stage_output!N20 -> 0.89573818 | L22: =k_fold_2stage_output!O20 -> 0.39199999 | M22: =k_fold_2stage_output!P20 -> 0.44545454 | N22: =k_fold_2stage_output!Q20 -> 0.41702127 | O22: =k_fold_2stage_output!R20 -> 0.83402306 | P22: =k_fold_2stage_output!S20 -> 0.39942217
D23: 4 | E23: =k_fold_2stage_output!D21 -> 0.90703517 | F23: =k_fold_2stage_output!E21 -> 0.45217392 | G23: =k_fold_2stage_output!F21 -> 0.51999998 | H23: =k_fold_2stage_output!G21 -> 0.48372093 | I23: =k_fold_2stage_output!H21 -> 0.88782448 | J23: =k_fold_2stage_output!I21 -> 0.50374228 | K23: =k_fold_2stage_output!N21 -> 0.88203955 | L23: =k_fold_2stage_output!O21 -> 0.3566879 | M23: =k_fold_2stage_output!P21 -> 0.5090909 | N23: =k_fold_2stage_output!Q21 -> 0.41947564 | O23: =k_fold_2stage_output!R21 -> 0.85207641 | P23: =k_fold_2stage_output!S21 -> 0.42061442
C24: 50 | D24: 1 | E24: =k_fold_2stage_output!D22 -> 0.85933506 | F24: =k_fold_2stage_output!E22 -> 0.38693467 | G24: =k_fold_2stage_output!F22 -> 0.64166665 | H24: =k_fold_2stage_output!G22 -> 0.48275861 | I24: =k_fold_2stage_output!H22 -> 0.85998738 | J24: =k_fold_2stage_output!I22 -> 0.456386 | K24: =k_fold_2stage_output!N22 -> 0.86149162 | L24: =k_fold_2stage_output!O22 -> 0.32857144 | M24: =k_fold_2stage_output!P22 -> 0.62727273 | N24: =k_fold_2stage_output!Q22 -> 0.43125001 | O24: =k_fold_2stage_output!R22 -> 0.84783292 | P24: =k_fold_2stage_output!S22 -> 0.40785784
D25: 2 | E25: =k_fold_2stage_output!D23 -> 0.89024389 | F25: =k_fold_2stage_output!E23 -> 0.44134077 | G25: =k_fold_2stage_output!F23 -> 0.69298244 | H25: =k_fold_2stage_output!G23 -> 0.53924912 | I25: =k_fold_2stage_output!H23 -> 0.90959251 | J25: =k_fold_2stage_output!I23 -> 0.5918178 | K25: =k_fold_2stage_output!N23 -> 0.86986303 | L25: =k_fold_2stage_output!O23 -> 0.3482587 | M25: =k_fold_2stage_output!P23 -> 0.63636363 | N25: =k_fold_2stage_output!Q23 -> 0.45016077 | O25: =k_fold_2stage_output!R23 -> 0.87742376 | P25: =k_fold_2stage_output!S23 -> 0.46001112
D26: 3 | E26: =k_fold_2stage_output!D24 -> 0.91693288 | F26: =k_fold_2stage_output!E24 -> 0.5411765 | G26: =k_fold_2stage_output!F24 -> 0.41441441 | H26: =k_fold_2stage_output!G24 -> 0.46938777 | I26: =k_fold_2stage_output!H24 -> 0.87448192 | J26: =k_fold_2stage_output!I24 -> 0.4324103 | K26: =k_fold_2stage_output!N24 -> 0.90334857 | L26: =k_fold_2stage_output!O24 -> 0.41584158 | M26: =k_fold_2stage_output!P24 -> 0.38181818 | N26: =k_fold_2stage_output!Q24 -> 0.39810428 | O26: =k_fold_2stage_output!R24 -> 0.86158258 | P26: =k_fold_2stage_output!S24 -> 0.40750414
D27: 4 | E27: =k_fold_2stage_output!D25 -> 0.87855947 | F27: =k_fold_2stage_output!E25 -> 0.36686391 | G27: =k_fold_2stage_output!F25 -> 0.62 | H27: =k_fold_2stage_output!G25 -> 0.46096656 | I27: =k_fold_2stage_output!H25 -> 0.88639855 | J27: =k_fold_2stage_output!I25 -> 0.50386369 | K27: =k_fold_2stage_output!N25 -> 0.86225265 | L27: =k_fold_2stage_output!O25 -> 0.34222221 | M27: =k_fold_2stage_output!P25 -> 0.69999999 | N27: =k_fold_2stage_output!Q25 -> 0.45970148 | O27: =k_fold_2stage_output!R25 -> 0.87160224 | P27: =k_fold_2stage_output!S25 -> 0.47835493
A28: Video-pretrained | B28: ViViT | D28: 1 | E28: =k_fold_2stage_output!D26 -> 0.89343566 | F28: =k_fold_2stage_output!E26 -> 0.47474748 | G28: =k_fold_2stage_output!F26 -> 0.39166668 | H28: =k_fold_2stage_output!G26 -> 0.42922375 | I28: =k_fold_2stage_output!H26 -> 0.83475786 | J28: =k_fold_2stage_output!I26 -> 0.40157926 | K28: =k_fold_2stage_output!N26 -> 0.89193302 | L28: =k_fold_2stage_output!O26 -> 0.36885247 | M28: =k_fold_2stage_output!P26 -> 0.40909091 | N28: =k_fold_2stage_output!Q26 -> 0.38793105 | O28: =k_fold_2stage_output!R26 -> 0.82057536 | P28: =k_fold_2stage_output!S26 -> 0.38543952
D29: 2 | E29: =k_fold_2stage_output!D27 -> 0.90406501 | F29: =k_fold_2stage_output!E27 -> 0.48245615 | G29: =k_fold_2stage_output!F27 -> 0.48245615 | H29: =k_fold_2stage_output!G27 -> 0.48245615 | I29: =k_fold_2stage_output!H27 -> 0.89175779 | J29: =k_fold_2stage_output!I27 -> 0.48384792 | K29: =k_fold_2stage_output!N27 -> 0.88356167 | L29: =k_fold_2stage_output!O27 -> 0.33587787 | M29: =k_fold_2stage_output!P27 -> 0.40000001 | N29: =k_fold_2stage_output!Q27 -> 0.36514524 | O29: =k_fold_2stage_output!R27 -> 0.82056022 | P29: =k_fold_2stage_output!S27 -> 0.34231603
D30: 3 | E30: =k_fold_2stage_output!D28 -> 0.88817888 | F30: =k_fold_2stage_output!E28 -> 0.38582677 | G30: =k_fold_2stage_output!F28 -> 0.44144145 | H30: =k_fold_2stage_output!G28 -> 0.41176471 | I30: =k_fold_2stage_output!H28 -> 0.83987492 | J30: =k_fold_2stage_output!I28 -> 0.413252 | K30: =k_fold_2stage_output!N28 -> 0.87747335 | L30: =k_fold_2stage_output!O28 -> 0.33962265 | M30: =k_fold_2stage_output!P28 -> 0.4909091 | N30: =k_fold_2stage_output!Q28 -> 0.40148699 | O30: =k_fold_2stage_output!R28 -> 0.8197071 | P30: =k_fold_2stage_output!S28 -> 0.36401847
D31: 4 | E31: =k_fold_2stage_output!D29 -> 0.87018424 | F31: =k_fold_2stage_output!E29 -> 0.35602096 | G31: =k_fold_2stage_output!F29 -> 0.68000001 | H31: =k_fold_2stage_output!G29 -> 0.46735394 | I31: =k_fold_2stage_output!H29 -> 0.86933279 | J31: =k_fold_2stage_output!I29 -> 0.41838086 | K31: =k_fold_2stage_output!N29 -> 0.83713853 | L31: =k_fold_2stage_output!O29 -> 0.2699115 | M31: =k_fold_2stage_output!P29 -> 0.55454546 | N31: =k_fold_2stage_output!Q29 -> 0.36309522 | O31: =k_fold_2stage_output!R29 -> 0.8286469 | P31: =k_fold_2stage_output!S29 -> 0.3456063

Sheet Luna16-25 Sheet
A1: Type | B1: Model | D1: Fold | E1: Validation | K1: Test
B2: Name | C2: Depth | E2: Accuracy | F2: Precision | G2: Recall | H2: F1 | I2: AUROC | J2: AP | K2: Accuracy | L2: Precision | M2: Recall | N2: F1 | O2: AUROC | P2: AP
A4: Medical-pretrained | B4: medicalnet | C4: 18 | D4: 1 | E4: =k_fold_luna16db_output!D2 -> 0.84910488 | F4: =k_fold_luna16db_output!E2 -> 0.34759358 | G4: =k_fold_luna16db_output!F2 -> 0.54166669 | H4: =k_fold_luna16db_output!G2 -> 0.42345276 | I4: =k_fold_luna16db_output!H2 -> 0.83869106 | J4: =k_fold_luna16db_output!I2 -> 0.33923212 | K4: =k_fold_luna16db_output!N2 -> 0.84094369 | L4: =k_fold_luna16db_output!O2 -> 0.28 | M4: =k_fold_luna16db_output!P2 -> 0.57272726 | N4: =k_fold_luna16db_output!Q2 -> 0.37611941 | O4: =k_fold_luna16db_output!R2 -> 0.84143013 | P4: =k_fold_luna16db_output!S2 -> 0.3052302
D5: 2 | E5: =k_fold_luna16db_output!D3 -> 0.902439 | F5: =k_fold_luna16db_output!E3 -> 0.43181819 | G5: =k_fold_luna16db_output!F3 -> 0.16666667 | H5: =k_fold_luna16db_output!G3 -> 0.24050634 | I5: =k_fold_luna16db_output!H3 -> 0.8888889 | J5: =k_fold_luna16db_output!I3 -> 0.39872855 | K5: =k_fold_luna16db_output!N3 -> 0.91019785 | L5: =k_fold_luna16db_output!O3 -> 0.3888889 | M5: =k_fold_luna16db_output!P3 -> 0.12727273 | N5: =k_fold_luna16db_output!Q3 -> 0.19178082 | O5: =k_fold_luna16db_output!R3 -> 0.82495475 | P5: =k_fold_luna16db_output!S3 -> 0.31585291
D6: 3 | E6: =k_fold_luna16db_output!D4 -> 0.89696485 | F6: =k_fold_luna16db_output!E4 -> 0.41176471 | G6: =k_fold_luna16db_output!F4 -> 0.37837839 | H6: =k_fold_luna16db_output!G4 -> 0.3943662 | I6: =k_fold_luna16db_output!H4 -> 0.85655057 | J6: =k_fold_luna16db_output!I4 -> 0.38940865 | K6: =k_fold_luna16db_output!N4 -> 0.88736683 | L6: =k_fold_luna16db_output!O4 -> 0.33035713 | M6: =k_fold_luna16db_output!P4 -> 0.33636364 | N6: =k_fold_luna16db_output!Q4 -> 0.33333334 | O6: =k_fold_luna16db_output!R4 -> 0.82619292 | P6: =k_fold_luna16db_output!S4 -> 0.33812523
D7: 4 | E7: =k_fold_luna16db_output!D5 -> 0.88190955 | F7: =k_fold_luna16db_output!E5 -> 0.3726708 | G7: =k_fold_luna16db_output!F5 -> 0.60000002 | H7: =k_fold_luna16db_output!G5 -> 0.45977011 | I7: =k_fold_luna16db_output!H5 -> 0.88812613 | J7: =k_fold_luna16db_output!I5 -> 0.52838147 | K7: =k_fold_luna16db_output!N5 -> 0.86605781 | L7: =k_fold_luna16db_output!O5 -> 0.31460676 | M7: =k_fold_luna16db_output!P5 -> 0.5090909 | N7: =k_fold_luna16db_output!Q5 -> 0.3888889 | O7: =k_fold_luna16db_output!R5 -> 0.81362873 | P7: =k_fold_luna16db_output!S5 -> 0.35676214
C8: 34 | D8: 1 | E8: =k_fold_luna16db_output!D6 -> 0.85507244 | F8: =k_fold_luna16db_output!E6 -> 0.35955057 | G8: =k_fold_luna16db_output!F6 -> 0.53333336 | H8: =k_fold_luna16db_output!G6 -> 0.4295302 | I8: =k_fold_luna16db_output!H6 -> 0.83668095 | J8: =k_fold_luna16db_output!I6 -> 0.35470432 | K8: =k_fold_luna16db_output!N6 -> 0.87290716 | L8: =k_fold_luna16db_output!O6 -> 0.33714285 | M8: =k_fold_luna16db_output!P6 -> 0.53636366 | N8: =k_fold_luna16db_output!Q6 -> 0.41403508 | O8: =k_fold_luna16db_output!R6 -> 0.846421 | P8: =k_fold_luna16db_output!S6 -> 0.32204467
D9: 2 | E9: =k_fold_luna16db_output!D7 -> 0.90813011 | F9: =k_fold_luna16db_output!E7 -> 0.50877196 | G9: =k_fold_luna16db_output!F7 -> 0.25438598 | H9: =k_fold_luna16db_output!G7 -> 0.33918127 | I9: =k_fold_luna16db_output!H7 -> 0.87361664 | J9: =k_fold_luna16db_output!I7 -> 0.4041959 | K9: =k_fold_luna16db_output!N7 -> 0.91019785 | L9: =k_fold_luna16db_output!O7 -> 0.43939394 | M9: =k_fold_luna16db_output!P7 -> 0.26363635 | N9: =k_fold_luna16db_output!Q7 -> 0.32954547 | O9: =k_fold_luna16db_output!R7 -> 0.84615684 | P9: =k_fold_luna16db_output!S7 -> 0.3392182
D10: 3 | E10: =k_fold_luna16db_output!D8 -> 0.90255588 | F10: =k_fold_luna16db_output!E8 -> 0.42253521 | G10: =k_fold_luna16db_output!F8 -> 0.27027026 | H10: =k_fold_luna16db_output!G8 -> 0.32967034 | I10: =k_fold_luna16db_output!H8 -> 0.84732068 | J10: =k_fold_luna16db_output!I8 -> 0.3773725 | K10: =k_fold_luna16db_output!N8 -> 0.91019785 | L10: =k_fold_luna16db_output!O8 -> 0.44594595 | M10: =k_fold_luna16db_output!P8 -> 0.30000001 | N10: =k_fold_luna16db_output!Q8 -> 0.35869566 | O10: =k_fold_luna16db_output!R8 -> 0.87485659 | P10: =k_fold_luna16db_output!S8 -> 0.37571907
D11: 4 | E11: =k_fold_luna16db_output!D9 -> 0.92797321 | F11: =k_fold_luna16db_output!E9 -> 0.75 | G11: =k_fold_luna16db_output!F9 -> 0.20999999 | H11: =k_fold_luna16db_output!G9 -> 0.328125 | I11: =k_fold_luna16db_output!H9 -> 0.87060332 | J11: =k_fold_luna16db_output!I9 -> 0.49507189 | K11: =k_fold_luna16db_output!N9 -> 0.91628617 | L11: =k_fold_luna16db_output!O9 -> 0.5 | M11: =k_fold_luna16db_output!P9 -> 0.16363636 | N11: =k_fold_luna16db_output!Q9 -> 0.24657534 | O11: =k_fold_luna16db_output!R9 -> 0.83798707 | P11: =k_fold_luna16db_output!S9 -> 0.32807037
C12: 50 | D12: 1 | E12: =k_fold_luna16db_output!D10 -> 0.86615515 | F12: =k_fold_luna16db_output!E10 -> 0.35658914 | G12: =k_fold_luna16db_output!F10 -> 0.38333333 | H12: =k_fold_luna16db_output!G10 -> 0.3694779 | I12: =k_fold_luna16db_output!H10 -> 0.82415313 | J12: =k_fold_luna16db_output!I10 -> 0.37224281 | K12: =k_fold_luna16db_output!N10 -> 0.87823439 | L12: =k_fold_luna16db_output!O10 -> 0.33108109 | M12: =k_fold_luna16db_output!P10 -> 0.44545454 | N12: =k_fold_luna16db_output!Q10 -> 0.37984496 | O12: =k_fold_luna16db_output!R10 -> 0.84356689 | P12: =k_fold_luna16db_output!S10 -> 0.35837206
D13: 2 | E13: =k_fold_luna16db_output!D11 -> 0.91544718 | F13: =k_fold_luna16db_output!E11 -> 0.55102038 | G13: =k_fold_luna16db_output!F11 -> 0.47368422 | H13: =k_fold_luna16db_output!G11 -> 0.50943398 | I13: =k_fold_luna16db_output!H11 -> 0.88807142 | J13: =k_fold_luna16db_output!I11 -> 0.49678731 | K13: =k_fold_luna16db_output!N11 -> 0.89345509 | L13: =k_fold_luna16db_output!O11 -> 0.34375 | M13: =k_fold_luna16db_output!P11 -> 0.30000001 | N13: =k_fold_luna16db_output!Q11 -> 0.32038835 | O13: =k_fold_luna16db_output!R11 -> 0.84879947 | P13: =k_fold_luna16db_output!S11 -> 0.32130381
D14: 3 | E14: =k_fold_luna16db_output!D12 -> 0.88977635 | F14: =k_fold_luna16db_output!E12 -> 0.38842976 | G14: =k_fold_luna16db_output!F12 -> 0.42342341 | H14: =k_fold_luna16db_output!G12 -> 0.40517241 | I14: =k_fold_luna16db_output!H12 -> 0.85340816 | J14: =k_fold_luna16db_output!I12 -> 0.408086 | K14: =k_fold_luna16db_output!N12 -> 0.88127851 | L14: =k_fold_luna16db_output!O12 -> 0.33571428 | M14: =k_fold_luna16db_output!P12 -> 0.42727274 | N14: =k_fold_luna16db_output!Q12 -> 0.37599999 | O14: =k_fold_luna16db_output!R12 -> 0.83651471 | P14: =k_fold_luna16db_output!S12 -> 0.32147697
D15: 4 | E15: =k_fold_luna16db_output!D13 -> 0.91792297 | F15: =k_fold_luna16db_output!E13 -> 0.50925928 | G15: =k_fold_luna16db_output!F13 -> 0.55000001 | H15: =k_fold_luna16db_output!G13 -> 0.52884614 | I15: =k_fold_luna16db_output!H13 -> 0.88712066 | J15: =k_fold_luna16db_output!I13 -> 0.54123437 | K15: =k_fold_luna16db_output!N13 -> 0.87823439 | L15: =k_fold_luna16db_output!O13 -> 0.3046875 | M15: =k_fold_luna16db_output!P13 -> 0.35454544 | N15: =k_fold_luna16db_output!Q13 -> 0.3277311 | O15: =k_fold_luna16db_output!R13 -> 0.84009361 | P15: =k_fold_luna16db_output!S13 -> 0.31534094
A16: Video-pretrained | B16: resnet3d | C16: 18 | D16: 1 | E16: =k_fold_luna16db_output!D14 -> 0.84910488 | F16: =k_fold_luna16db_output!E14 -> 0.35384616 | G16: =k_fold_luna16db_output!F14 -> 0.57499999 | H16: =k_fold_luna16db_output!G14 -> 0.43809524 | I16: =k_fold_luna16db_output!H14 -> 0.85629159 | J16: =k_fold_luna16db_output!I14 -> 0.3491933 | K16: =k_fold_luna16db_output!N14 -> 0.84779298 | L16: =k_fold_luna16db_output!O14 -> 0.29545453 | M16: =k_fold_luna16db_output!P14 -> 0.59090906 | N16: =k_fold_luna16db_output!Q14 -> 0.39393941 | O16: =k_fold_luna16db_output!R14 -> 0.86011022 | P16: =k_fold_luna16db_output!S14 -> 0.41020861
D17: 2 | E17: =k_fold_luna16db_output!D15 -> 0.89999998 | F17: =k_fold_luna16db_output!E15 -> 0.46853146 | G17: =k_fold_luna16db_output!F15 -> 0.58771932 | H17: =k_fold_luna16db_output!G15 -> 0.52140075 | I17: =k_fold_luna16db_output!H15 -> 0.89829749 | J17: =k_fold_luna16db_output!I15 -> 0.56973749 | K17: =k_fold_luna16db_output!N15 -> 0.88584477 | L17: =k_fold_luna16db_output!O15 -> 0.36666667 | M17: =k_fold_luna16db_output!P15 -> 0.5 | N17: =k_fold_luna16db_output!Q15 -> 0.42307693 | O17: =k_fold_luna16db_output!R15 -> 0.85652369 | P17: =k_fold_luna16db_output!S15 -> 0.41629785
D18: 3 | E18: =k_fold_luna16db_output!D16 -> 0.88498402 | F18: =k_fold_luna16db_output!E16 -> 0.40000001 | G18: =k_fold_luna16db_output!F16 -> 0.5945946 | H18: =k_fold_luna16db_output!G16 -> 0.47826087 | I18: =k_fold_luna16db_output!H16 -> 0.8621251 | J18: =k_fold_luna16db_output!I16 -> 0.41715345 | K18: =k_fold_luna16db_output!N16 -> 0.85540336 | L18: =k_fold_luna16db_output!O16 -> 0.30392158 | M18: =k_fold_luna16db_output!P16 -> 0.56363636 | N18: =k_fold_luna16db_output!Q16 -> 0.39490446 | O18: =k_fold_luna16db_output!R16 -> 0.85362428 | P18: =k_fold_luna16db_output!S16 -> 0.42625049
D19: 4 | E19: =k_fold_luna16db_output!D17 -> 0.9162479 | F19: =k_fold_luna16db_output!E17 -> 0.5 | G19: =k_fold_luna16db_output!F17 -> 0.61000001 | H19: =k_fold_luna16db_output!G17 -> 0.54954952 | I19: =k_fold_luna16db_output!H17 -> 0.88748628 | J19: =k_fold_luna16db_output!I17 -> 0.47303581 | K19: =k_fold_luna16db_output!N17 -> 0.89573818 | L19: =k_fold_luna16db_output!O17 -> 0.40145984 | M19: =k_fold_luna16db_output!P17 -> 0.5 | N19: =k_fold_luna16db_output!Q17 -> 0.44534412 | O19: =k_fold_luna16db_output!R17 -> 0.87231201 | P19: =k_fold_luna16db_output!S17 -> 0.45742598
C20: 34 | D20: 1 | E20: =k_fold_luna16db_output!D18 -> 0.8388747 | F20: =k_fold_luna16db_output!E18 -> 0.33492824 | G20: =k_fold_luna16db_output!F18 -> 0.58333331 | H20: =k_fold_luna16db_output!G18 -> 0.42553192 | I20: =k_fold_luna16db_output!H18 -> 0.85293609 | J20: =k_fold_luna16db_output!I18 -> 0.39459503 | K20: =k_fold_luna16db_output!N18 -> 0.84170473 | L20: =k_fold_luna16db_output!O18 -> 0.29752067 | M20: =k_fold_luna16db_output!P18 -> 0.65454543 | N20: =k_fold_luna16db_output!Q18 -> 0.40909091 | O20: =k_fold_luna16db_output!R18 -> 0.84395194 | P20: =k_fold_luna16db_output!S18 -> 0.36986622
D21: 2 | E21: =k_fold_luna16db_output!D19 -> 0.90487802 | F21: =k_fold_luna16db_output!E19 -> 0.48717949 | G21: =k_fold_luna16db_output!F19 -> 0.5 | H21: =k_fold_luna16db_output!G19 -> 0.49350649 | I21: =k_fold_luna16db_output!H19 -> 0.89317268 | J21: =k_fold_luna16db_output!I19 -> 0.5354681 | K21: =k_fold_luna16db_output!N19 -> 0.8888889 | L21: =k_fold_luna16db_output!O19 -> 0.36567163 | M21: =k_fold_luna16db_output!P19 -> 0.44545454 | N21: =k_fold_luna16db_output!Q19 -> 0.40163934 | O21: =k_fold_luna16db_output!R19 -> 0.86241311 | P21: =k_fold_luna16db_output!S19 -> 0.42060226
D22: 3 | E22: =k_fold_luna16db_output!D20 -> 0.90495205 | F22: =k_fold_luna16db_output!E20 -> 0.45833334 | G22: =k_fold_luna16db_output!F20 -> 0.3963964 | H22: =k_fold_luna16db_output!G20 -> 0.42512077 | I22: =k_fold_luna16db_output!H20 -> 0.87024969 | J22: =k_fold_luna16db_output!I20 -> 0.39742696 | K22: =k_fold_luna16db_output!N20 -> 0.8995434 | L22: =k_fold_luna16db_output!O20 -> 0.4140625 | M22: =k_fold_luna16db_output!P20 -> 0.48181817 | N22: =k_fold_luna16db_output!Q20 -> 0.44537815 | O22: =k_fold_luna16db_output!R20 -> 0.87651765 | P22: =k_fold_luna16db_output!S20 -> 0.44919181
D23: 4 | E23: =k_fold_luna16db_output!D21 -> 0.89195979 | F23: =k_fold_luna16db_output!E21 -> 0.40000001 | G23: =k_fold_luna16db_output!F21 -> 0.57999998 | H23: =k_fold_luna16db_output!G21 -> 0.47346938 | I23: =k_fold_luna16db_output!H21 -> 0.87591404 | J23: =k_fold_luna16db_output!I21 -> 0.39654124 | K23: =k_fold_luna16db_output!N21 -> 0.86225265 | L23: =k_fold_luna16db_output!O21 -> 0.31413612 | M23: =k_fold_luna16db_output!P21 -> 0.54545456 | N23: =k_fold_luna16db_output!Q21 -> 0.39867109 | O23: =k_fold_luna16db_output!R21 -> 0.83094233 | P23: =k_fold_luna16db_output!S21 -> 0.35366619
C24: 50 | D24: 1 | E24: =k_fold_luna16db_output!D22 -> 0.87553281 | F24: =k_fold_luna16db_output!E22 -> 0.38392857 | G24: =k_fold_luna16db_output!F22 -> 0.35833332 | H24: =k_fold_luna16db_output!G22 -> 0.37068966 | I24: =k_fold_luna16db_output!H22 -> 0.87257832 | J24: =k_fold_luna16db_output!I22 -> 0.41111812 | K24: =k_fold_luna16db_output!N22 -> 0.8843227 | L24: =k_fold_luna16db_output!O22 -> 0.3581081 | M24: =k_fold_luna16db_output!P22 -> 0.48181817 | N24: =k_fold_luna16db_output!Q22 -> 0.4108527 | O24: =k_fold_luna16db_output!R22 -> 0.8676306 | P24: =k_fold_luna16db_output!S22 -> 0.41785532
D25: 2 | E25: =k_fold_luna16db_output!D23 -> 0.87398374 | F25: =k_fold_luna16db_output!E23 -> 0.40284359 | G25: =k_fold_luna16db_output!F23 -> 0.74561405 | H25: =k_fold_luna16db_output!G23 -> 0.52307695 | I25: =k_fold_luna16db_output!H23 -> 0.89854896 | J25: =k_fold_luna16db_output!I23 -> 0.49339077 | K25: =k_fold_luna16db_output!N23 -> 0.84474885 | L25: =k_fold_luna16db_output!O23 -> 0.30084747 | M25: =k_fold_luna16db_output!P23 -> 0.64545453 | N25: =k_fold_luna16db_output!Q23 -> 0.41040462 | O25: =k_fold_luna16db_output!R23 -> 0.85516465 | P25: =k_fold_luna16db_output!S23 -> 0.41472384
D26: 3 | E26: =k_fold_luna16db_output!D24 -> 0.88019168 | F26: =k_fold_luna16db_output!E24 -> 0.3859649 | G26: =k_fold_luna16db_output!F24 -> 0.5945946 | H26: =k_fold_luna16db_output!G24 -> 0.46808511 | I26: =k_fold_luna16db_output!H24 -> 0.86625445 | J26: =k_fold_luna16db_output!I24 -> 0.42262501 | K26: =k_fold_luna16db_output!N24 -> 0.86757994 | L26: =k_fold_luna16db_output!O24 -> 0.33505154 | M26: =k_fold_luna16db_output!P24 -> 0.59090906 | N26: =k_fold_luna16db_output!Q24 -> 0.42763159 | O26: =k_fold_luna16db_output!R24 -> 0.85499847 | P26: =k_fold_luna16db_output!S24 -> 0.40342152
D27: 4 | E27: =k_fold_luna16db_output!D25 -> 0.89028478 | F27: =k_fold_luna16db_output!E25 -> 0.397351 | G27: =k_fold_luna16db_output!F25 -> 0.60000002 | H27: =k_fold_luna16db_output!G25 -> 0.47808766 | I27: =k_fold_luna16db_output!H25 -> 0.87142599 | J27: =k_fold_luna16db_output!I25 -> 0.38470578 | K27: =k_fold_luna16db_output!N25 -> 0.869102 | L27: =k_fold_luna16db_output!O25 -> 0.32584271 | M27: =k_fold_luna16db_output!P25 -> 0.5272727 | N27: =k_fold_luna16db_output!Q25 -> 0.40277779 | O27: =k_fold_luna16db_output!R25 -> 0.84113562 | P27: =k_fold_luna16db_output!S25 -> 0.29539877
A28: Video-pretrained | B28: ViViT | D28: 1 | E28: =k_fold_luna16db_output!D26 -> 0.84143221 | F28: =k_fold_luna16db_output!E26 -> 0.2987805 | G28: =k_fold_luna16db_output!F26 -> 0.40833333 | H28: =k_fold_luna16db_output!G26 -> 0.34507042 | I28: =k_fold_luna16db_output!H26 -> 0.80847579 | J28: =k_fold_luna16db_output!I26 -> 0.2924993 | K28: =k_fold_luna16db_output!N26 -> 0.85083711 | L28: =k_fold_luna16db_output!O26 -> 0.27127659 | M28: =k_fold_luna16db_output!P26 -> 0.46363637 | N28: =k_fold_luna16db_output!Q26 -> 0.34228188 | O28: =k_fold_luna16db_output!R26 -> 0.81119758 | P28: =k_fold_luna16db_output!S26 -> 0.25189877
D29: 2 | E29: =k_fold_luna16db_output!D27 -> 0.89918697 | F29: =k_fold_luna16db_output!E27 -> 0.40000001 | G29: =k_fold_luna16db_output!F27 -> 0.1754386 | H29: =k_fold_luna16db_output!G27 -> 0.24390244 | I29: =k_fold_luna16db_output!H27 -> 0.7990002 | J29: =k_fold_luna16db_output!I27 -> 0.29220039 | K29: =k_fold_luna16db_output!N27 -> 0.90563166 | L29: =k_fold_luna16db_output!O27 -> 0.34090909 | M29: =k_fold_luna16db_output!P27 -> 0.13636364 | N29: =k_fold_luna16db_output!Q27 -> 0.19480519 | O29: =k_fold_luna16db_output!R27 -> 0.77353519 | P29: =k_fold_luna16db_output!S27 -> 0.255164
D30: 3 | E30: =k_fold_luna16db_output!D28 -> 0.88897765 | F30: =k_fold_luna16db_output!E28 -> 0.35106382 | G30: =k_fold_luna16db_output!F28 -> 0.2972973 | H30: =k_fold_luna16db_output!G28 -> 0.32195121 | I30: =k_fold_luna16db_output!H28 -> 0.77221656 | J30: =k_fold_luna16db_output!I28 -> 0.31992158 | K30: =k_fold_luna16db_output!N28 -> 0.86453575 | L30: =k_fold_luna16db_output!O28 -> 0.234375 | M30: =k_fold_luna16db_output!P28 -> 0.27272728 | N30: =k_fold_luna16db_output!Q28 -> 0.25210086 | O30: =k_fold_luna16db_output!R28 -> 0.74747056 | P30: =k_fold_luna16db_output!S28 -> 0.23095115
D31: 4 | E31: =k_fold_luna16db_output!D29 -> 0.90117252 | F31: =k_fold_luna16db_output!E29 -> 0.37142858 | G31: =k_fold_luna16db_output!F29 -> 0.25999999 | H31: =k_fold_luna16db_output!G29 -> 0.30588236 | I31: =k_fold_luna16db_output!H29 -> 0.84933281 | J31: =k_fold_luna16db_output!I29 -> 0.35585764 | K31: =k_fold_luna16db_output!N29 -> 0.88964993 | L31: =k_fold_luna16db_output!O29 -> 0.30337077 | M31: =k_fold_luna16db_output!P29 -> 0.24545455 | N31: =k_fold_luna16db_output!Q29 -> 0.27135679 | O31: =k_fold_luna16db_output!R29 -> 0.81559956 | P31: =k_fold_luna16db_output!S29 -> 0.27385706

Sheet Main Compiled
A1: Type | B1: Model | D1: Best Epoch | E1: Validation | K1: Test | Q1: External (LUNA16)
B2: Name | C2: Depth | E2: Accuracy | F2: Precision | G2: Recall | H2: F1 | I2: AUROC | J2: AP | K2: Accuracy | L2: Precision | M2: Recall | N2: F1 | O2: AUROC | P2: AP | Q2: Accuracy | R2: Precision | S2: Recall | T2: F1 | U2: AUROC | V2: AP
A4: Fresh | B4: MedicalNet | C4: 18 | D4: =TEXT(AVERAGE(INDEX(Subsheet!E:E,(ROW(A1)-1)*4+4):INDEX(Subsheet!E:E,(ROW(A1)-1)*4+7)),"0.000") & " ± " & TEXT(_xlfn.STDEV.S(INDEX(Subsheet!E:E,(ROW(A1)-1)*4+4):INDEX(Subsheet!E:E,(ROW(A1)-1)*4+7)),"0.000") -> 32.000 ± 5.416 | E4: =TEXT(AVERAGE(INDEX(Subsheet!F:F,(ROW(B1)-1)*4+4):INDEX(Subsheet!F:F,(ROW(B1)-1)*4+7)),"0.000") & " ± " & TEXT(_xlfn.STDEV.S(INDEX(Subsheet!F:F,(ROW(B1)-1)*4+4):INDEX(Subsheet!F:F,(ROW(B1)-1)*4+7)),"0.000") -> 0.869 ± 0.018 | F4: =TEXT(AVERAGE(INDEX(Subsheet!G:G,(ROW(C1)-1)*4+4):INDEX(Subsheet!G:G,(ROW(C1)-1)*4+7)),"0.000") & " ± " & TEXT(_xlfn.STDEV.S(INDEX(Subsheet!G:G,(ROW(C1)-1)*4+4):INDEX(Subsheet!G:G,(ROW(C1)-1)*4+7)),"0.000") -> 0.356 ± 0.027 | G4: =TEXT(AVERAGE(INDEX(Subsheet!H:H,(ROW(D1)-1)*4+4):INDEX(Subsheet!H:H,(ROW(D1)-1)*4+7)),"0.000") & " ± " & TEXT(_xlfn.STDEV.S(INDEX(Subsheet!H:H,(ROW(D1)-1)*4+4):INDEX(Subsheet!H:H,(ROW(D1)-1)*4+7)),"0.000") -> 0.530 ± 0.134 | H4: =TEXT(AVERAGE(INDEX(Subsheet!I:I,(ROW(E1)-1)*4+4):INDEX(Subsheet!I:I,(ROW(E1)-1)*4+7)),"0.000") & " ± " & TEXT(_xlfn.STDEV.S(INDEX(Subsheet!I:I,(ROW(E1)-1)*4+4):INDEX(Subsheet!I:I,(ROW(E1)-1)*4+7)),"0.000") -> 0.422 ± 0.061 | I4: =TEXT(AVERAGE(INDEX(Subsheet!J:J,(ROW(F1)-1)*4+4):INDEX(Subsheet!J:J,(ROW(F1)-1)*4+7)),"0.000") & " ± " & TEXT(_xlfn.STDEV.S(INDEX(Subsheet!J:J,(ROW(F1)-1)*4+4):INDEX(Subsheet!J:J,(ROW(F1)-1)*4+7)),"0.000") -> 0.856 ± 0.032 | J4: =TEXT(AVERAGE(INDEX(Subsheet!K:K,(ROW(G1)-1)*4+4):INDEX(Subsheet!K:K,(ROW(G1)-1)*4+7)),"0.000") & " ± " & TEXT(_xlfn.STDEV.S(INDEX(Subsheet!K:K,(ROW(G1)-1)*4+4):INDEX(Subsheet!K:K,(ROW(G1)-1)*4+7)),"0.000") -> 0.422 ± 0.114 | K4: =TEXT(AVERAGE(INDEX(Subsheet!L:L,(ROW(H1)-1)*4+4):INDEX(Subsheet!L:L,(ROW(H1)-1)*4+7)),"0.000") & " ± " & TEXT(_xlfn.STDEV.S(INDEX(Subsheet!L:L,(ROW(H1)-1)*4+4):INDEX(Subsheet!L:L,(ROW(H1)-1)*4+7)),"0.000") -> 0.857 ± 0.019 | L4: =TEXT(AVERAGE(INDEX(Subsheet!M:M,(ROW(I1)-1)*4+4):INDEX(Subsheet!M:M,(ROW(I1)-1)*4+7)),"0.000") & " ± " & TEXT(_xlfn.STDEV.S(INDEX(Subsheet!M:M,(ROW(I1)-1)*4+4):INDEX(Subsheet!M:M,(ROW(I1)-1)*4+7)),"0.000") -> 0.304 ± 0.036 | M4: =TEXT(AVERAGE(INDEX(Subsheet!N:N,(ROW(J1)-1)*4+4):INDEX(Subsheet!N:N,(ROW(J1)-1)*4+7)),"0.000") & " ± " & TEXT(_xlfn.STDEV.S(INDEX(Subsheet!N:N,(ROW(J1)-1)*4+4):INDEX(Subsheet!N:N,(ROW(J1)-1)*4+7)),"0.000") -> 0.534 ± 0.064 | N4: =TEXT(AVERAGE(INDEX(Subsheet!O:O,(ROW(K1)-1)*4+4):INDEX(Subsheet!O:O,(ROW(K1)-1)*4+7)),"0.000") & " ± " & TEXT(_xlfn.STDEV.S(INDEX(Subsheet!O:O,(ROW(K1)-1)*4+4):INDEX(Subsheet!O:O,(ROW(K1)-1)*4+7)),"0.000") -> 0.385 ± 0.030 | O4: =TEXT(AVERAGE(INDEX(Subsheet!P:P,(ROW(L1)-1)*4+4):INDEX(Subsheet!P:P,(ROW(L1)-1)*4+7)),"0.000") & " ± " & TEXT(_xlfn.STDEV.S(INDEX(Subsheet!P:P,(ROW(L1)-1)*4+4):INDEX(Subsheet!P:P,(ROW(L1)-1)*4+7)),"0.000") -> 0.826 ± 0.032 | P4: =TEXT(AVERAGE(INDEX(Subsheet!Q:Q,(ROW(M1)-1)*4+4):INDEX(Subsheet!Q:Q,(ROW(M1)-1)*4+7)),"0.000") & " ± " & TEXT(_xlfn.STDEV.S(INDEX(Subsheet!Q:Q,(ROW(M1)-1)*4+4):INDEX(Subsheet!Q:Q,(ROW(M1)-1)*4+7)),"0.000") -> 0.331 ± 0.041 | Q4: =TEXT(AVERAGE(INDEX(Subsheet!R:R,(ROW(H1)-1)*4+4):INDEX(Subsheet!R:R,(ROW(H1)-1)*4+7)),"0.000") & " ± " & TEXT(_xlfn.STDEV.S(INDEX(Subsheet!R:R,(ROW(H1)-1)*4+4):INDEX(Subsheet!R:R,(ROW(H1)-1)*4+7)),"0.000") -> 0.669 ± 0.041 | R4: =TEXT(AVERAGE(INDEX(Subsheet!S:S,(ROW(I1)-1)*4+4):INDEX(Subsheet!S:S,(ROW(I1)-1)*4+7)),"0.000") & " ± " & TEXT(_xlfn.STDEV.S(INDEX(Subsheet!S:S,(ROW(I1)-1)*4+4):INDEX(Subsheet!S:S,(ROW(I1)-1)*4+7)),"0.000") -> 0.886 ± 0.043 | S4: =TEXT(AVERAGE(INDEX(Subsheet!T:T,(ROW(J1)-1)*4+4):INDEX(Subsheet!T:T,(ROW(J1)-1)*4+7)),"0.000") & " ± " & TEXT(_xlfn.STDEV.S(INDEX(Subsheet!T:T,(ROW(J1)-1)*4+4):INDEX(Subsheet!T:T,(ROW(J1)-1)*4+7)),"0.000") -> 0.360 ± 0.089 | T4: =TEXT(AVERAGE(INDEX(Subsheet!U:U,(ROW(K1)-1)*4+4):INDEX(Subsheet!U:U,(ROW(K1)-1)*4+7)),"0.000") & " ± " & TEXT(_xlfn.STDEV.S(INDEX(Subsheet!U:U,(ROW(K1)-1)*4+4):INDEX(Subsheet!U:U,(ROW(K1)-1)*4+7)),"0.000") -> 0.508 ± 0.097 | U4: =TEXT(AVERAGE(INDEX(Subsheet!V:V,(ROW(L1)-1)*4+4):INDEX(Subsheet!V:V,(ROW(L1)-1)*4+7)),"0.000") & " ± " & TEXT(_xlfn.STDEV.S(INDEX(Subsheet!V:V,(ROW(L1)-1)*4+4):INDEX(Subsheet!V:V,(ROW(L1)-1)*4+7)),"0.000") -> 0.776 ± 0.028 | V4: =TEXT(AVERAGE(INDEX(Subsheet!W:W,(ROW(M1)-1)*4+4):INDEX(Subsheet!W:W,(ROW(M1)-1)*4+7)),"0.000") & " ± " & TEXT(_xlfn.STDEV.S(INDEX(Subsheet!W:W,(ROW(M1)-1)*4+4):INDEX(Subsheet!W:W,(ROW(M1)-1)*4+7)),"0.000") -> 0.788 ± 0.038
C5: 34 | D5: =TEXT(AVERAGE(INDEX(Subsheet!E:E,(ROW(A2)-1)*4+4):INDEX(Subsheet!E:E,(ROW(A2)-1)*4+7)),"0.000") & " ± " & TEXT(_xlfn.STDEV.S(INDEX(Subsheet!E:E,(ROW(A2)-1)*4+4):INDEX(Subsheet!E:E,(ROW(A2)-1)*4+7)),"0.000") -> 39.500 ± 11.790 | E5: =TEXT(AVERAGE(INDEX(Subsheet!F:F,(ROW(B2)-1)*4+4):INDEX(Subsheet!F:F,(ROW(B2)-1)*4+7)),"0.000") & " ± " & TEXT(_xlfn.STDEV.S(INDEX(Subsheet!F:F,(ROW(B2)-1)*4+4):INDEX(Subsheet!F:F,(ROW(B2)-1)*4+7)),"0.000") -> 0.897 ± 0.029 | F5: =TEXT(AVERAGE(INDEX(Subsheet!G:G,(ROW(C2)-1)*4+4):INDEX(Subsheet!G:G,(ROW(C2)-1)*4+7)),"0.000") & " ± " & TEXT(_xlfn.STDEV.S(INDEX(Subsheet!G:G,(ROW(C2)-1)*4+4):INDEX(Subsheet!G:G,(ROW(C2)-1)*4+7)),"0.000") -> 0.469 ± 0.111 | G5: =TEXT(AVERAGE(INDEX(Subsheet!H:H,(ROW(D2)-1)*4+4):INDEX(Subsheet!H:H,(ROW(D2)-1)*4+7)),"0.000") & " ± " & TEXT(_xlfn.STDEV.S(INDEX(Subsheet!H:H,(ROW(D2)-1)*4+4):INDEX(Subsheet!H:H,(ROW(D2)-1)*4+7)),"0.000") -> 0.437 ± 0.070 | H5: =TEXT(AVERAGE(INDEX(Subsheet!I:I,(ROW(E2)-1)*4+4):INDEX(Subsheet!I:I,(ROW(E2)-1)*4+7)),"0.000") & " ± " & TEXT(_xlfn.STDEV.S(INDEX(Subsheet!I:I,(ROW(E2)-1)*4+4):INDEX(Subsheet!I:I,(ROW(E2)-1)*4+7)),"0.000") -> 0.443 ± 0.039 | I5: =TEXT(AVERAGE(INDEX(Subsheet!J:J,(ROW(F2)-1)*4+4):INDEX(Subsheet!J:J,(ROW(F2)-1)*4+7)),"0.000") & " ± " & TEXT(_xlfn.STDEV.S(INDEX(Subsheet!J:J,(ROW(F2)-1)*4+4):INDEX(Subsheet!J:J,(ROW(F2)-1)*4+7)),"0.000") -> 0.860 ± 0.024 | J5: =TEXT(AVERAGE(INDEX(Subsheet!K:K,(ROW(G2)-1)*4+4):INDEX(Subsheet!K:K,(ROW(G2)-1)*4+7)),"0.000") & " ± " & TEXT(_xlfn.STDEV.S(INDEX(Subsheet!K:K,(ROW(G2)-1)*4+4):INDEX(Subsheet!K:K,(ROW(G2)-1)*4+7)),"0.000") -> 0.438 ± 0.080 | K5: =TEXT(AVERAGE(INDEX(Subsheet!L:L,(ROW(H2)-1)*4+4):INDEX(Subsheet!L:L,(ROW(H2)-1)*4+7)),"0.000") & " ± " & TEXT(_xlfn.STDEV.S(INDEX(Subsheet!L:L,(ROW(H2)-1)*4+4):INDEX(Subsheet!L:L,(ROW(H2)-1)*4+7)),"0.000") -> 0.883 ± 0.014 | L5: =TEXT(AVERAGE(INDEX(Subsheet!M:M,(ROW(I2)-1)*4+4):INDEX(Subsheet!M:M,(ROW(I2)-1)*4+7)),"0.000") & " ± " & TEXT(_xlfn.STDEV.S(INDEX(Subsheet!M:M,(ROW(I2)-1)*4+4):INDEX(Subsheet!M:M,(ROW(I2)-1)*4+7)),"0.000") -> 0.298 ± 0.036 | M5: =TEXT(AVERAGE(INDEX(Subsheet!N:N,(ROW(J2)-1)*4+4):INDEX(Subsheet!N:N,(ROW(J2)-1)*4+7)),"0.000") & " ± " & TEXT(_xlfn.STDEV.S(INDEX(Subsheet!N:N,(ROW(J2)-1)*4+4):INDEX(Subsheet!N:N,(ROW(J2)-1)*4+7)),"0.000") -> 0.307 ± 0.169 | N5: =TEXT(AVERAGE(INDEX(Subsheet!O:O,(ROW(K2)-1)*4+4):INDEX(Subsheet!O:O,(ROW(K2)-1)*4+7)),"0.000") & " ± " & TEXT(_xlfn.STDEV.S(INDEX(Subsheet!O:O,(ROW(K2)-1)*4+4):INDEX(Subsheet!O:O,(ROW(K2)-1)*4+7)),"0.000") -> 0.289 ± 0.092 | O5: =TEXT(AVERAGE(INDEX(Subsheet!P:P,(ROW(L2)-1)*4+4):INDEX(Subsheet!P:P,(ROW(L2)-1)*4+7)),"0.000") & " ± " & TEXT(_xlfn.STDEV.S(INDEX(Subsheet!P:P,(ROW(L2)-1)*4+4):INDEX(Subsheet!P:P,(ROW(L2)-1)*4+7)),"0.000") -> 0.820 ± 0.026 | P5: =TEXT(AVERAGE(INDEX(Subsheet!Q:Q,(ROW(M2)-1)*4+4):INDEX(Subsheet!Q:Q,(ROW(M2)-1)*4+7)),"0.000") & " ± " & TEXT(_xlfn.STDEV.S(INDEX(Subsheet!Q:Q,(ROW(M2)-1)*4+4):INDEX(Subsheet!Q:Q,(ROW(M2)-1)*4+7)),"0.000") -> 0.300 ± 0.039 | Q5: =TEXT(AVERAGE(INDEX(Subsheet!R:R,(ROW(H2)-1)*4+4):INDEX(Subsheet!R:R,(ROW(H2)-1)*4+7)),"0.000") & " ± " & TEXT(_xlfn.STDEV.S(INDEX(Subsheet!R:R,(ROW(H2)-1)*4+4):INDEX(Subsheet!R:R,(ROW(H2)-1)*4+7)),"0.000") -> 0.630 ± 0.057 | R5: =TEXT(AVERAGE(INDEX(Subsheet!S:S,(ROW(I2)-1)*4+4):INDEX(Subsheet!S:S,(ROW(I2)-1)*4+7)),"0.000") & " ± " & TEXT(_xlfn.STDEV.S(INDEX(Subsheet!S:S,(ROW(I2)-1)*4+4):INDEX(Subsheet!S:S,(ROW(I2)-1)*4+7)),"0.000") -> 0.894 ± 0.008 | S5: =TEXT(AVERAGE(INDEX(Subsheet!T:T,(ROW(J2)-1)*4+4):INDEX(Subsheet!T:T,(ROW(J2)-1)*4+7)),"0.000") & " ± " & TEXT(_xlfn.STDEV.S(INDEX(Subsheet!T:T,(ROW(J2)-1)*4+4):INDEX(Subsheet!T:T,(ROW(J2)-1)*4+7)),"0.000") -> 0.264 ± 0.132 | T5: =TEXT(AVERAGE(INDEX(Subsheet!U:U,(ROW(K2)-1)*4+4):INDEX(Subsheet!U:U,(ROW(K2)-1)*4+7)),"0.000") & " ± " & TEXT(_xlfn.STDEV.S(INDEX(Subsheet!U:U,(ROW(K2)-1)*4+4):INDEX(Subsheet!U:U,(ROW(K2)-1)*4+7)),"0.000") -> 0.394 ± 0.158 | U5: =TEXT(AVERAGE(INDEX(Subsheet!V:V,(ROW(L2)-1)*4+4):INDEX(Subsheet!V:V,(ROW(L2)-1)*4+7)),"0.000") & " ± " & TEXT(_xlfn.STDEV.S(INDEX(Subsheet!V:V,(ROW(L2)-1)*4+4):INDEX(Subsheet!V:V,(ROW(L2)-1)*4+7)),"0.000") -> 0.779 ± 0.030 | V5: =TEXT(AVERAGE(INDEX(Subsheet!W:W,(ROW(M2)-1)*4+4):INDEX(Subsheet!W:W,(ROW(M2)-1)*4+7)),"0.000") & " ± " & TEXT(_xlfn.STDEV.S(INDEX(Subsheet!W:W,(ROW(M2)-1)*4+4):INDEX(Subsheet!W:W,(ROW(M2)-1)*4+7)),"0.000") -> 0.783 ± 0.032
C6: 50 | D6: =TEXT(AVERAGE(INDEX(Subsheet!E:E,(ROW(A3)-1)*4+4):INDEX(Subsheet!E:E,(ROW(A3)-1)*4+7)),"0.000") & " ± " & TEXT(_xlfn.STDEV.S(INDEX(Subsheet!E:E,(ROW(A3)-1)*4+4):INDEX(Subsheet!E:E,(ROW(A3)-1)*4+7)),"0.000") -> 17.750 ± 7.848 | E6: =TEXT(AVERAGE(INDEX(Subsheet!F:F,(ROW(B3)-1)*4+4):INDEX(Subsheet!F:F,(ROW(B3)-1)*4+7)),"0.000") & " ± " & TEXT(_xlfn.STDEV.S(INDEX(Subsheet!F:F,(ROW(B3)-1)*4+4):INDEX(Subsheet!F:F,(ROW(B3)-1)*4+7)),"0.000") -> 0.901 ± 0.008 | F6: =TEXT(AVERAGE(INDEX(Subsheet!G:G,(ROW(C3)-1)*4+4):INDEX(Subsheet!G:G,(ROW(C3)-1)*4+7)),"0.000") & " ± " & TEXT(_xlfn.STDEV.S(INDEX(Subsheet!G:G,(ROW(C3)-1)*4+4):INDEX(Subsheet!G:G,(ROW(C3)-1)*4+7)),"0.000") -> 0.459 ± 0.042 | G6: =TEXT(AVERAGE(INDEX(Subsheet!H:H,(ROW(D3)-1)*4+4):INDEX(Subsheet!H:H,(ROW(D3)-1)*4+7)),"0.000") & " ± " & TEXT(_xlfn.STDEV.S(INDEX(Subsheet!H:H,(ROW(D3)-1)*4+4):INDEX(Subsheet!H:H,(ROW(D3)-1)*4+7)),"0.000") -> 0.402 ± 0.081 | H6: =TEXT(AVERAGE(INDEX(Subsheet!I:I,(ROW(E3)-1)*4+4):INDEX(Subsheet!I:I,(ROW(E3)-1)*4+7)),"0.000") & " ± " & TEXT(_xlfn.STDEV.S(INDEX(Subsheet!I:I,(ROW(E3)-1)*4+4):INDEX(Subsheet!I:I,(ROW(E3)-1)*4+7)),"0.000") -> 0.423 ± 0.039 | I6: =TEXT(AVERAGE(INDEX(Subsheet!J:J,(ROW(F3)-1)*4+4):INDEX(Subsheet!J:J,(ROW(F3)-1)*4+7)),"0.000") & " ± " & TEXT(_xlfn.STDEV.S(INDEX(Subsheet!J:J,(ROW(F3)-1)*4+4):INDEX(Subsheet!J:J,(ROW(F3)-1)*4+7)),"0.000") -> 0.854 ± 0.026 | J6: =TEXT(AVERAGE(INDEX(Subsheet!K:K,(ROW(G3)-1)*4+4):INDEX(Subsheet!K:K,(ROW(G3)-1)*4+7)),"0.000") & " ± " & TEXT(_xlfn.STDEV.S(INDEX(Subsheet!K:K,(ROW(G3)-1)*4+4):INDEX(Subsheet!K:K,(ROW(G3)-1)*4+7)),"0.000") -> 0.450 ± 0.056 | K6: =TEXT(AVERAGE(INDEX(Subsheet!L:L,(ROW(H3)-1)*4+4):INDEX(Subsheet!L:L,(ROW(H3)-1)*4+7)),"0.000") & " ± " & TEXT(_xlfn.STDEV.S(INDEX(Subsheet!L:L,(ROW(H3)-1)*4+4):INDEX(Subsheet!L:L,(ROW(H3)-1)*4+7)),"0.000") -> 0.902 ± 0.006 | L6: =TEXT(AVERAGE(INDEX(Subsheet!M:M,(ROW(I3)-1)*4+4):INDEX(Subsheet!M:M,(ROW(I3)-1)*4+7)),"0.000") & " ± " & TEXT(_xlfn.STDEV.S(INDEX(Subsheet!M:M,(ROW(I3)-1)*4+4):INDEX(Subsheet!M:M,(ROW(I3)-1)*4+7)),"0.000") -> 0.396 ± 0.031 | M6: =TEXT(AVERAGE(INDEX(Subsheet!N:N,(ROW(J3)-1)*4+4):INDEX(Subsheet!N:N,(ROW(J3)-1)*4+7)),"0.000") & " ± " & TEXT(_xlfn.STDEV.S(INDEX(Subsheet!N:N,(ROW(J3)-1)*4+4):INDEX(Subsheet!N:N,(ROW(J3)-1)*4+7)),"0.000") -> 0.348 ± 0.118 | N6: =TEXT(AVERAGE(INDEX(Subsheet!O:O,(ROW(K3)-1)*4+4):INDEX(Subsheet!O:O,(ROW(K3)-1)*4+7)),"0.000") & " ± " & TEXT(_xlfn.STDEV.S(INDEX(Subsheet!O:O,(ROW(K3)-1)*4+4):INDEX(Subsheet!O:O,(ROW(K3)-1)*4+7)),"0.000") -> 0.364 ± 0.079 | O6: =TEXT(AVERAGE(INDEX(Subsheet!P:P,(ROW(L3)-1)*4+4):INDEX(Subsheet!P:P,(ROW(L3)-1)*4+7)),"0.000") & " ± " & TEXT(_xlfn.STDEV.S(INDEX(Subsheet!P:P,(ROW(L3)-1)*4+4):INDEX(Subsheet!P:P,(ROW(L3)-1)*4+7)),"0.000") -> 0.852 ± 0.003 | P6: =TEXT(AVERAGE(INDEX(Subsheet!Q:Q,(ROW(M3)-1)*4+4):INDEX(Subsheet!Q:Q,(ROW(M3)-1)*4+7)),"0.000") & " ± " & TEXT(_xlfn.STDEV.S(INDEX(Subsheet!Q:Q,(ROW(M3)-1)*4+4):INDEX(Subsheet!Q:Q,(ROW(M3)-1)*4+7)),"0.000") -> 0.359 ± 0.039 | Q6: =TEXT(AVERAGE(INDEX(Subsheet!R:R,(ROW(H3)-1)*4+4):INDEX(Subsheet!R:R,(ROW(H3)-1)*4+7)),"0.000") & " ± " & TEXT(_xlfn.STDEV.S(INDEX(Subsheet!R:R,(ROW(H3)-1)*4+4):INDEX(Subsheet!R:R,(ROW(H3)-1)*4+7)),"0.000") -> 0.600 ± 0.034 | R6: =TEXT(AVERAGE(INDEX(Subsheet!S:S,(ROW(I3)-1)*4+4):INDEX(Subsheet!S:S,(ROW(I3)-1)*4+7)),"0.000") & " ± " & TEXT(_xlfn.STDEV.S(INDEX(Subsheet!S:S,(ROW(I3)-1)*4+4):INDEX(Subsheet!S:S,(ROW(I3)-1)*4+7)),"0.000") -> 0.942 ± 0.035 | S6: =TEXT(AVERAGE(INDEX(Subsheet!T:T,(ROW(J3)-1)*4+4):INDEX(Subsheet!T:T,(ROW(J3)-1)*4+7)),"0.000") & " ± " & TEXT(_xlfn.STDEV.S(INDEX(Subsheet!T:T,(ROW(J3)-1)*4+4):INDEX(Subsheet!T:T,(ROW(J3)-1)*4+7)),"0.000") -> 0.183 ± 0.071 | T6: =TEXT(AVERAGE(INDEX(Subsheet!U:U,(ROW(K3)-1)*4+4):INDEX(Subsheet!U:U,(ROW(K3)-1)*4+7)),"0.000") & " ± " & TEXT(_xlfn.STDEV.S(INDEX(Subsheet!U:U,(ROW(K3)-1)*4+4):INDEX(Subsheet!U:U,(ROW(K3)-1)*4+7)),"0.000") -> 0.302 ± 0.098 | U6: =TEXT(AVERAGE(INDEX(Subsheet!V:V,(ROW(L3)-1)*4+4):INDEX(Subsheet!V:V,(ROW(L3)-1)*4+7)),"0.000") & " ± " & TEXT(_xlfn.STDEV.S(INDEX(Subsheet!V:V,(ROW(L3)-1)*4+4):INDEX(Subsheet!V:V,(ROW(L3)-1)*4+7)),"0.000") -> 0.784 ± 0.006 | V6: =TEXT(AVERAGE(INDEX(Subsheet!W:W,(ROW(M3)-1)*4+4):INDEX(Subsheet!W:W,(ROW(M3)-1)*4+7)),"0.000") & " ± " & TEXT(_xlfn.STDEV.S(INDEX(Subsheet!W:W,(ROW(M3)-1)*4+4):INDEX(Subsheet!W:W,(ROW(M3)-1)*4+7)),"0.000") -> 0.795 ± 0.017
A7: Medical-pretrained | B7: MedicalNet | C7: 18 | D7: =TEXT(AVERAGE(INDEX(Subsheet!E:E,(ROW(A4)-1)*4+4):INDEX(Subsheet!E:E,(ROW(A4)-1)*4+7)),"0.000") & " ± " & TEXT(_xlfn.STDEV.S(INDEX(Subsheet!E:E,(ROW(A4)-1)*4+4):INDEX(Subsheet!E:E,(ROW(A4)-1)*4+7)),"0.000") -> 36.000 ± 6.976 | E7: =TEXT(AVERAGE(INDEX(Subsheet!F:F,(ROW(B4)-1)*4+4):INDEX(Subsheet!F:F,(ROW(B4)-1)*4+7)),"0.000") & " ± " & TEXT(_xlfn.STDEV.S(INDEX(Subsheet!F:F,(ROW(B4)-1)*4+4):INDEX(Subsheet!F:F,(ROW(B4)-1)*4+7)),"0.000") -> 0.897 ± 0.024 | F7: =TEXT(AVERAGE(INDEX(Subsheet!G:G,(ROW(C4)-1)*4+4):INDEX(Subsheet!G:G,(ROW(C4)-1)*4+7)),"0.000") & " ± " & TEXT(_xlfn.STDEV.S(INDEX(Subsheet!G:G,(ROW(C4)-1)*4+4):INDEX(Subsheet!G:G,(ROW(C4)-1)*4+7)),"0.000") -> 0.474 ± 0.106 | G7: =TEXT(AVERAGE(INDEX(Subsheet!H:H,(ROW(D4)-1)*4+4):INDEX(Subsheet!H:H,(ROW(D4)-1)*4+7)),"0.000") & " ± " & TEXT(_xlfn.STDEV.S(INDEX(Subsheet!H:H,(ROW(D4)-1)*4+4):INDEX(Subsheet!H:H,(ROW(D4)-1)*4+7)),"0.000") -> 0.492 ± 0.082 | H7: =TEXT(AVERAGE(INDEX(Subsheet!I:I,(ROW(E4)-1)*4+4):INDEX(Subsheet!I:I,(ROW(E4)-1)*4+7)),"0.000") & " ± " & TEXT(_xlfn.STDEV.S(INDEX(Subsheet!I:I,(ROW(E4)-1)*4+4):INDEX(Subsheet!I:I,(ROW(E4)-1)*4+7)),"0.000") -> 0.470 ± 0.020 | I7: =TEXT(AVERAGE(INDEX(Subsheet!J:J,(ROW(F4)-1)*4+4):INDEX(Subsheet!J:J,(ROW(F4)-1)*4+7)),"0.000") & " ± " & TEXT(_xlfn.STDEV.S(INDEX(Subsheet!J:J,(ROW(F4)-1)*4+4):INDEX(Subsheet!J:J,(ROW(F4)-1)*4+7)),"0.000") -> 0.864 ± 0.025 | J7: =TEXT(AVERAGE(INDEX(Subsheet!K:K,(ROW(G4)-1)*4+4):INDEX(Subsheet!K:K,(ROW(G4)-1)*4+7)),"0.000") & " ± " & TEXT(_xlfn.STDEV.S(INDEX(Subsheet!K:K,(ROW(G4)-1)*4+4):INDEX(Subsheet!K:K,(ROW(G4)-1)*4+7)),"0.000") -> 0.473 ± 0.080 | K7: =TEXT(AVERAGE(INDEX(Subsheet!L:L,(ROW(H4)-1)*4+4):INDEX(Subsheet!L:L,(ROW(H4)-1)*4+7)),"0.000") & " ± " & TEXT(_xlfn.STDEV.S(INDEX(Subsheet!L:L,(ROW(H4)-1)*4+4):INDEX(Subsheet!L:L,(ROW(H4)-1)*4+7)),"0.000") -> 0.884 ± 0.020 | L7: =TEXT(AVERAGE(INDEX(Subsheet!M:M,(ROW(I4)-1)*4+4):INDEX(Subsheet!M:M,(ROW(I4)-1)*4+7)),"0.000") & " ± " & TEXT(_xlfn.STDEV.S(INDEX(Subsheet!M:M,(ROW(I4)-1)*4+4):INDEX(Subsheet!M:M,(ROW(I4)-1)*4+7)),"0.000") -> 0.353 ± 0.053 | M7: =TEXT(AVERAGE(INDEX(Subsheet!N:N,(ROW(J4)-1)*4+4):INDEX(Subsheet!N:N,(ROW(J4)-1)*4+7)),"0.000") & " ± " & TEXT(_xlfn.STDEV.S(INDEX(Subsheet!N:N,(ROW(J4)-1)*4+4):INDEX(Subsheet!N:N,(ROW(J4)-1)*4+7)),"0.000") -> 0.400 ± 0.143 | N7: =TEXT(AVERAGE(INDEX(Subsheet!O:O,(ROW(K4)-1)*4+4):INDEX(Subsheet!O:O,(ROW(K4)-1)*4+7)),"0.000") & " ± " & TEXT(_xlfn.STDEV.S(INDEX(Subsheet!O:O,(ROW(K4)-1)*4+4):INDEX(Subsheet!O:O,(ROW(K4)-1)*4+7)),"0.000") -> 0.355 ± 0.056 | O7: =TEXT(AVERAGE(INDEX(Subsheet!P:P,(ROW(L4)-1)*4+4):INDEX(Subsheet!P:P,(ROW(L4)-1)*4+7)),"0.000") & " ± " & TEXT(_xlfn.STDEV.S(INDEX(Subsheet!P:P,(ROW(L4)-1)*4+4):INDEX(Subsheet!P:P,(ROW(L4)-1)*4+7)),"0.000") -> 0.830 ± 0.016 | P7: =TEXT(AVERAGE(INDEX(Subsheet!Q:Q,(ROW(M4)-1)*4+4):INDEX(Subsheet!Q:Q,(ROW(M4)-1)*4+7)),"0.000") & " ± " & TEXT(_xlfn.STDEV.S(INDEX(Subsheet!Q:Q,(ROW(M4)-1)*4+4):INDEX(Subsheet!Q:Q,(ROW(M4)-1)*4+7)),"0.000") -> 0.342 ± 0.025 | Q7: =TEXT(AVERAGE(INDEX(Subsheet!R:R,(ROW(H4)-1)*4+4):INDEX(Subsheet!R:R,(ROW(H4)-1)*4+7)),"0.000") & " ± " & TEXT(_xlfn.STDEV.S(INDEX(Subsheet!R:R,(ROW(H4)-1)*4+4):INDEX(Subsheet!R:R,(ROW(H4)-1)*4+7)),"0.000") -> 0.618 ± 0.046 | R7: =TEXT(AVERAGE(INDEX(Subsheet!S:S,(ROW(I4)-1)*4+4):INDEX(Subsheet!S:S,(ROW(I4)-1)*4+7)),"0.000") & " ± " & TEXT(_xlfn.STDEV.S(INDEX(Subsheet!S:S,(ROW(I4)-1)*4+4):INDEX(Subsheet!S:S,(ROW(I4)-1)*4+7)),"0.000") -> 0.921 ± 0.043 | S7: =TEXT(AVERAGE(INDEX(Subsheet!T:T,(ROW(J4)-1)*4+4):INDEX(Subsheet!T:T,(ROW(J4)-1)*4+7)),"0.000") & " ± " & TEXT(_xlfn.STDEV.S(INDEX(Subsheet!T:T,(ROW(J4)-1)*4+4):INDEX(Subsheet!T:T,(ROW(J4)-1)*4+7)),"0.000") -> 0.232 ± 0.110 | T7: =TEXT(AVERAGE(INDEX(Subsheet!U:U,(ROW(K4)-1)*4+4):INDEX(Subsheet!U:U,(ROW(K4)-1)*4+7)),"0.000") & " ± " & TEXT(_xlfn.STDEV.S(INDEX(Subsheet!U:U,(ROW(K4)-1)*4+4):INDEX(Subsheet!U:U,(ROW(K4)-1)*4+7)),"0.000") -> 0.358 ± 0.154 | U7: =TEXT(AVERAGE(INDEX(Subsheet!V:V,(ROW(L4)-1)*4+4):INDEX(Subsheet!V:V,(ROW(L4)-1)*4+7)),"0.000") & " ± " & TEXT(_xlfn.STDEV.S(INDEX(Subsheet!V:V,(ROW(L4)-1)*4+4):INDEX(Subsheet!V:V,(ROW(L4)-1)*4+7)),"0.000") -> 0.776 ± 0.015 | V7: =TEXT(AVERAGE(INDEX(Subsheet!W:W,(ROW(M4)-1)*4+4):INDEX(Subsheet!W:W,(ROW(M4)-1)*4+7)),"0.000") & " ± " & TEXT(_xlfn.STDEV.S(INDEX(Subsheet!W:W,(ROW(M4)-1)*4+4):INDEX(Subsheet!W:W,(ROW(M4)-1)*4+7)),"0.000") -> 0.781 ± 0.024
C8: 34 | D8: =TEXT(AVERAGE(INDEX(Subsheet!E:E,(ROW(A5)-1)*4+4):INDEX(Subsheet!E:E,(ROW(A5)-1)*4+7)),"0.000") & " ± " & TEXT(_xlfn.STDEV.S(INDEX(Subsheet!E:E,(ROW(A5)-1)*4+4):INDEX(Subsheet!E:E,(ROW(A5)-1)*4+7)),"0.000") -> 33.500 ± 8.062 | E8: =TEXT(AVERAGE(INDEX(Subsheet!F:F,(ROW(B5)-1)*4+4):INDEX(Subsheet!F:F,(ROW(B5)-1)*4+7)),"0.000") & " ± " & TEXT(_xlfn.STDEV.S(INDEX(Subsheet!F:F,(ROW(B5)-1)*4+4):INDEX(Subsheet!F:F,(ROW(B5)-1)*4+7)),"0.000") -> 0.901 ± 0.023 | F8: =TEXT(AVERAGE(INDEX(Subsheet!G:G,(ROW(C5)-1)*4+4):INDEX(Subsheet!G:G,(ROW(C5)-1)*4+7)),"0.000") & " ± " & TEXT(_xlfn.STDEV.S(INDEX(Subsheet!G:G,(ROW(C5)-1)*4+4):INDEX(Subsheet!G:G,(ROW(C5)-1)*4+7)),"0.000") -> 0.500 ± 0.133 | G8: =TEXT(AVERAGE(INDEX(Subsheet!H:H,(ROW(D5)-1)*4+4):INDEX(Subsheet!H:H,(ROW(D5)-1)*4+7)),"0.000") & " ± " & TEXT(_xlfn.STDEV.S(INDEX(Subsheet!H:H,(ROW(D5)-1)*4+4):INDEX(Subsheet!H:H,(ROW(D5)-1)*4+7)),"0.000") -> 0.313 ± 0.104 | H8: =TEXT(AVERAGE(INDEX(Subsheet!I:I,(ROW(E5)-1)*4+4):INDEX(Subsheet!I:I,(ROW(E5)-1)*4+7)),"0.000") & " ± " & TEXT(_xlfn.STDEV.S(INDEX(Subsheet!I:I,(ROW(E5)-1)*4+4):INDEX(Subsheet!I:I,(ROW(E5)-1)*4+7)),"0.000") -> 0.365 ± 0.035 | I8: =TEXT(AVERAGE(INDEX(Subsheet!J:J,(ROW(F5)-1)*4+4):INDEX(Subsheet!J:J,(ROW(F5)-1)*4+7)),"0.000") & " ± " & TEXT(_xlfn.STDEV.S(INDEX(Subsheet!J:J,(ROW(F5)-1)*4+4):INDEX(Subsheet!J:J,(ROW(F5)-1)*4+7)),"0.000") -> 0.864 ± 0.022 | J8: =TEXT(AVERAGE(INDEX(Subsheet!K:K,(ROW(G5)-1)*4+4):INDEX(Subsheet!K:K,(ROW(G5)-1)*4+7)),"0.000") & " ± " & TEXT(_xlfn.STDEV.S(INDEX(Subsheet!K:K,(ROW(G5)-1)*4+4):INDEX(Subsheet!K:K,(ROW(G5)-1)*4+7)),"0.000") -> 0.447 ± 0.074 | K8: =TEXT(AVERAGE(INDEX(Subsheet!L:L,(ROW(H5)-1)*4+4):INDEX(Subsheet!L:L,(ROW(H5)-1)*4+7)),"0.000") & " ± " & TEXT(_xlfn.STDEV.S(INDEX(Subsheet!L:L,(ROW(H5)-1)*4+4):INDEX(Subsheet!L:L,(ROW(H5)-1)*4+7)),"0.000") -> 0.905 ± 0.017 | L8: =TEXT(AVERAGE(INDEX(Subsheet!M:M,(ROW(I5)-1)*4+4):INDEX(Subsheet!M:M,(ROW(I5)-1)*4+7)),"0.000") & " ± " & TEXT(_xlfn.STDEV.S(INDEX(Subsheet!M:M,(ROW(I5)-1)*4+4):INDEX(Subsheet!M:M,(ROW(I5)-1)*4+7)),"0.000") -> 0.435 ± 0.090 | M8: =TEXT(AVERAGE(INDEX(Subsheet!N:N,(ROW(J5)-1)*4+4):INDEX(Subsheet!N:N,(ROW(J5)-1)*4+7)),"0.000") & " ± " & TEXT(_xlfn.STDEV.S(INDEX(Subsheet!N:N,(ROW(J5)-1)*4+4):INDEX(Subsheet!N:N,(ROW(J5)-1)*4+7)),"0.000") -> 0.280 ± 0.198 | N8: =TEXT(AVERAGE(INDEX(Subsheet!O:O,(ROW(K5)-1)*4+4):INDEX(Subsheet!O:O,(ROW(K5)-1)*4+7)),"0.000") & " ± " & TEXT(_xlfn.STDEV.S(INDEX(Subsheet!O:O,(ROW(K5)-1)*4+4):INDEX(Subsheet!O:O,(ROW(K5)-1)*4+7)),"0.000") -> 0.302 ± 0.117 | O8: =TEXT(AVERAGE(INDEX(Subsheet!P:P,(ROW(L5)-1)*4+4):INDEX(Subsheet!P:P,(ROW(L5)-1)*4+7)),"0.000") & " ± " & TEXT(_xlfn.STDEV.S(INDEX(Subsheet!P:P,(ROW(L5)-1)*4+4):INDEX(Subsheet!P:P,(ROW(L5)-1)*4+7)),"0.000") -> 0.847 ± 0.020 | P8: =TEXT(AVERAGE(INDEX(Subsheet!Q:Q,(ROW(M5)-1)*4+4):INDEX(Subsheet!Q:Q,(ROW(M5)-1)*4+7)),"0.000") & " ± " & TEXT(_xlfn.STDEV.S(INDEX(Subsheet!Q:Q,(ROW(M5)-1)*4+4):INDEX(Subsheet!Q:Q,(ROW(M5)-1)*4+7)),"0.000") -> 0.351 ± 0.059 | Q8: =TEXT(AVERAGE(INDEX(Subsheet!R:R,(ROW(H5)-1)*4+4):INDEX(Subsheet!R:R,(ROW(H5)-1)*4+7)),"0.000") & " ± " & TEXT(_xlfn.STDEV.S(INDEX(Subsheet!R:R,(ROW(H5)-1)*4+4):INDEX(Subsheet!R:R,(ROW(H5)-1)*4+7)),"0.000") -> 0.589 ± 0.048 | R8: =TEXT(AVERAGE(INDEX(Subsheet!S:S,(ROW(I5)-1)*4+4):INDEX(Subsheet!S:S,(ROW(I5)-1)*4+7)),"0.000") & " ± " & TEXT(_xlfn.STDEV.S(INDEX(Subsheet!S:S,(ROW(I5)-1)*4+4):INDEX(Subsheet!S:S,(ROW(I5)-1)*4+7)),"0.000") -> 0.956 ± 0.064 | S8: =TEXT(AVERAGE(INDEX(Subsheet!T:T,(ROW(J5)-1)*4+4):INDEX(Subsheet!T:T,(ROW(J5)-1)*4+7)),"0.000") & " ± " & TEXT(_xlfn.STDEV.S(INDEX(Subsheet!T:T,(ROW(J5)-1)*4+4):INDEX(Subsheet!T:T,(ROW(J5)-1)*4+7)),"0.000") -> 0.162 ± 0.122 | T8: =TEXT(AVERAGE(INDEX(Subsheet!U:U,(ROW(K5)-1)*4+4):INDEX(Subsheet!U:U,(ROW(K5)-1)*4+7)),"0.000") & " ± " & TEXT(_xlfn.STDEV.S(INDEX(Subsheet!U:U,(ROW(K5)-1)*4+4):INDEX(Subsheet!U:U,(ROW(K5)-1)*4+7)),"0.000") -> 0.261 ± 0.162 | U8: =TEXT(AVERAGE(INDEX(Subsheet!V:V,(ROW(L5)-1)*4+4):INDEX(Subsheet!V:V,(ROW(L5)-1)*4+7)),"0.000") & " ± " & TEXT(_xlfn.STDEV.S(INDEX(Subsheet!V:V,(ROW(L5)-1)*4+4):INDEX(Subsheet!V:V,(ROW(L5)-1)*4+7)),"0.000") -> 0.797 ± 0.028 | V8: =TEXT(AVERAGE(INDEX(Subsheet!W:W,(ROW(M5)-1)*4+4):INDEX(Subsheet!W:W,(ROW(M5)-1)*4+7)),"0.000") & " ± " & TEXT(_xlfn.STDEV.S(INDEX(Subsheet!W:W,(ROW(M5)-1)*4+4):INDEX(Subsheet!W:W,(ROW(M5)-1)*4+7)),"0.000") -> 0.794 ± 0.047
C9: 50 | D9: =TEXT(AVERAGE(INDEX(Subsheet!E:E,(ROW(A6)-1)*4+4):INDEX(Subsheet!E:E,(ROW(A6)-1)*4+7)),"0.000") & " ± " & TEXT(_xlfn.STDEV.S(INDEX(Subsheet!E:E,(ROW(A6)-1)*4+4):INDEX(Subsheet!E:E,(ROW(A6)-1)*4+7)),"0.000") -> 18.250 ± 6.652 | E9: =TEXT(AVERAGE(INDEX(Subsheet!F:F,(ROW(B6)-1)*4+4):INDEX(Subsheet!F:F,(ROW(B6)-1)*4+7)),"0.000") & " ± " & TEXT(_xlfn.STDEV.S(INDEX(Subsheet!F:F,(ROW(B6)-1)*4+4):INDEX(Subsheet!F:F,(ROW(B6)-1)*4+7)),"0.000") -> 0.886 ± 0.033 | F9: =TEXT(AVERAGE(INDEX(Subsheet!G:G,(ROW(C6)-1)*4+4):INDEX(Subsheet!G:G,(ROW(C6)-1)*4+7)),"0.000") & " ± " & TEXT(_xlfn.STDEV.S(INDEX(Subsheet!G:G,(ROW(C6)-1)*4+4):INDEX(Subsheet!G:G,(ROW(C6)-1)*4+7)),"0.000") -> 0.432 ± 0.110 | G9: =TEXT(AVERAGE(INDEX(Subsheet!H:H,(ROW(D6)-1)*4+4):INDEX(Subsheet!H:H,(ROW(D6)-1)*4+7)),"0.000") & " ± " & TEXT(_xlfn.STDEV.S(INDEX(Subsheet!H:H,(ROW(D6)-1)*4+4):INDEX(Subsheet!H:H,(ROW(D6)-1)*4+7)),"0.000") -> 0.481 ± 0.124 | H9: =TEXT(AVERAGE(INDEX(Subsheet!I:I,(ROW(E6)-1)*4+4):INDEX(Subsheet!I:I,(ROW(E6)-1)*4+7)),"0.000") & " ± " & TEXT(_xlfn.STDEV.S(INDEX(Subsheet!I:I,(ROW(E6)-1)*4+4):INDEX(Subsheet!I:I,(ROW(E6)-1)*4+7)),"0.000") -> 0.436 ± 0.063 | I9: =TEXT(AVERAGE(INDEX(Subsheet!J:J,(ROW(F6)-1)*4+4):INDEX(Subsheet!J:J,(ROW(F6)-1)*4+7)),"0.000") & " ± " & TEXT(_xlfn.STDEV.S(INDEX(Subsheet!J:J,(ROW(F6)-1)*4+4):INDEX(Subsheet!J:J,(ROW(F6)-1)*4+7)),"0.000") -> 0.852 ± 0.030 | J9: =TEXT(AVERAGE(INDEX(Subsheet!K:K,(ROW(G6)-1)*4+4):INDEX(Subsheet!K:K,(ROW(G6)-1)*4+7)),"0.000") & " ± " & TEXT(_xlfn.STDEV.S(INDEX(Subsheet!K:K,(ROW(G6)-1)*4+4):INDEX(Subsheet!K:K,(ROW(G6)-1)*4+7)),"0.000") -> 0.420 ± 0.065 | K9: =TEXT(AVERAGE(INDEX(Subsheet!L:L,(ROW(H6)-1)*4+4):INDEX(Subsheet!L:L,(ROW(H6)-1)*4+7)),"0.000") & " ± " & TEXT(_xlfn.STDEV.S(INDEX(Subsheet!L:L,(ROW(H6)-1)*4+4):INDEX(Subsheet!L:L,(ROW(H6)-1)*4+7)),"0.000") -> 0.864 ± 0.028 | L9: =TEXT(AVERAGE(INDEX(Subsheet!M:M,(ROW(I6)-1)*4+4):INDEX(Subsheet!M:M,(ROW(I6)-1)*4+7)),"0.000") & " ± " & TEXT(_xlfn.STDEV.S(INDEX(Subsheet!M:M,(ROW(I6)-1)*4+4):INDEX(Subsheet!M:M,(ROW(I6)-1)*4+7)),"0.000") -> 0.284 ± 0.044 | M9: =TEXT(AVERAGE(INDEX(Subsheet!N:N,(ROW(J6)-1)*4+4):INDEX(Subsheet!N:N,(ROW(J6)-1)*4+7)),"0.000") & " ± " & TEXT(_xlfn.STDEV.S(INDEX(Subsheet!N:N,(ROW(J6)-1)*4+4):INDEX(Subsheet!N:N,(ROW(J6)-1)*4+7)),"0.000") -> 0.373 ± 0.149 | N9: =TEXT(AVERAGE(INDEX(Subsheet!O:O,(ROW(K6)-1)*4+4):INDEX(Subsheet!O:O,(ROW(K6)-1)*4+7)),"0.000") & " ± " & TEXT(_xlfn.STDEV.S(INDEX(Subsheet!O:O,(ROW(K6)-1)*4+4):INDEX(Subsheet!O:O,(ROW(K6)-1)*4+7)),"0.000") -> 0.305 ± 0.050 | O9: =TEXT(AVERAGE(INDEX(Subsheet!P:P,(ROW(L6)-1)*4+4):INDEX(Subsheet!P:P,(ROW(L6)-1)*4+7)),"0.000") & " ± " & TEXT(_xlfn.STDEV.S(INDEX(Subsheet!P:P,(ROW(L6)-1)*4+4):INDEX(Subsheet!P:P,(ROW(L6)-1)*4+7)),"0.000") -> 0.811 ± 0.019 | P9: =TEXT(AVERAGE(INDEX(Subsheet!Q:Q,(ROW(M6)-1)*4+4):INDEX(Subsheet!Q:Q,(ROW(M6)-1)*4+7)),"0.000") & " ± " & TEXT(_xlfn.STDEV.S(INDEX(Subsheet!Q:Q,(ROW(M6)-1)*4+4):INDEX(Subsheet!Q:Q,(ROW(M6)-1)*4+7)),"0.000") -> 0.279 ± 0.049 | Q9: =TEXT(AVERAGE(INDEX(Subsheet!R:R,(ROW(H6)-1)*4+4):INDEX(Subsheet!R:R,(ROW(H6)-1)*4+7)),"0.000") & " ± " & TEXT(_xlfn.STDEV.S(INDEX(Subsheet!R:R,(ROW(H6)-1)*4+4):INDEX(Subsheet!R:R,(ROW(H6)-1)*4+7)),"0.000") -> 0.628 ± 0.059 | R9: =TEXT(AVERAGE(INDEX(Subsheet!S:S,(ROW(I6)-1)*4+4):INDEX(Subsheet!S:S,(ROW(I6)-1)*4+7)),"0.000") & " ± " & TEXT(_xlfn.STDEV.S(INDEX(Subsheet!S:S,(ROW(I6)-1)*4+4):INDEX(Subsheet!S:S,(ROW(I6)-1)*4+7)),"0.000") -> 0.863 ± 0.048 | S9: =TEXT(AVERAGE(INDEX(Subsheet!T:T,(ROW(J6)-1)*4+4):INDEX(Subsheet!T:T,(ROW(J6)-1)*4+7)),"0.000") & " ± " & TEXT(_xlfn.STDEV.S(INDEX(Subsheet!T:T,(ROW(J6)-1)*4+4):INDEX(Subsheet!T:T,(ROW(J6)-1)*4+7)),"0.000") -> 0.273 ± 0.135 | T9: =TEXT(AVERAGE(INDEX(Subsheet!U:U,(ROW(K6)-1)*4+4):INDEX(Subsheet!U:U,(ROW(K6)-1)*4+7)),"0.000") & " ± " & TEXT(_xlfn.STDEV.S(INDEX(Subsheet!U:U,(ROW(K6)-1)*4+4):INDEX(Subsheet!U:U,(ROW(K6)-1)*4+7)),"0.000") -> 0.400 ± 0.161 | U9: =TEXT(AVERAGE(INDEX(Subsheet!V:V,(ROW(L6)-1)*4+4):INDEX(Subsheet!V:V,(ROW(L6)-1)*4+7)),"0.000") & " ± " & TEXT(_xlfn.STDEV.S(INDEX(Subsheet!V:V,(ROW(L6)-1)*4+4):INDEX(Subsheet!V:V,(ROW(L6)-1)*4+7)),"0.000") -> 0.769 ± 0.018 | V9: =TEXT(AVERAGE(INDEX(Subsheet!W:W,(ROW(M6)-1)*4+4):INDEX(Subsheet!W:W,(ROW(M6)-1)*4+7)),"0.000") & " ± " & TEXT(_xlfn.STDEV.S(INDEX(Subsheet!W:W,(ROW(M6)-1)*4+4):INDEX(Subsheet!W:W,(ROW(M6)-1)*4+7)),"0.000") -> 0.766 ± 0.029
A10: Fresh | B10: ResNet3D (1ch) | C10: 18 | D10: =TEXT(AVERAGE(INDEX(Subsheet!E:E,(ROW(A7)-1)*4+4):INDEX(Subsheet!E:E,(ROW(A7)-1)*4+7)),"0.000") & " ± " & TEXT(_xlfn.STDEV.S(INDEX(Subsheet!E:E,(ROW(A7)-1)*4+4):INDEX(Subsheet!E:E,(ROW(A7)-1)*4+7)),"0.000") -> 18.750 ± 10.813 | E10: =TEXT(AVERAGE(INDEX(Subsheet!F:F,(ROW(B7)-1)*4+4):INDEX(Subsheet!F:F,(ROW(B7)-1)*4+7)),"0.000") & " ± " & TEXT(_xlfn.STDEV.S(INDEX(Subsheet!F:F,(ROW(B7)-1)*4+4):INDEX(Subsheet!F:F,(ROW(B7)-1)*4+7)),"0.000") -> 0.883 ± 0.021 | F10: =TEXT(AVERAGE(INDEX(Subsheet!G:G,(ROW(C7)-1)*4+4):INDEX(Subsheet!G:G,(ROW(C7)-1)*4+7)),"0.000") & " ± " & TEXT(_xlfn.STDEV.S(INDEX(Subsheet!G:G,(ROW(C7)-1)*4+4):INDEX(Subsheet!G:G,(ROW(C7)-1)*4+7)),"0.000") -> 0.388 ± 0.034 | G10: =TEXT(AVERAGE(INDEX(Subsheet!H:H,(ROW(D7)-1)*4+4):INDEX(Subsheet!H:H,(ROW(D7)-1)*4+7)),"0.000") & " ± " & TEXT(_xlfn.STDEV.S(INDEX(Subsheet!H:H,(ROW(D7)-1)*4+4):INDEX(Subsheet!H:H,(ROW(D7)-1)*4+7)),"0.000") -> 0.443 ± 0.059 | H10: =TEXT(AVERAGE(INDEX(Subsheet!I:I,(ROW(E7)-1)*4+4):INDEX(Subsheet!I:I,(ROW(E7)-1)*4+7)),"0.000") & " ± " & TEXT(_xlfn.STDEV.S(INDEX(Subsheet!I:I,(ROW(E7)-1)*4+4):INDEX(Subsheet!I:I,(ROW(E7)-1)*4+7)),"0.000") -> 0.411 ± 0.033 | I10: =TEXT(AVERAGE(INDEX(Subsheet!J:J,(ROW(F7)-1)*4+4):INDEX(Subsheet!J:J,(ROW(F7)-1)*4+7)),"0.000") & " ± " & TEXT(_xlfn.STDEV.S(INDEX(Subsheet!J:J,(ROW(F7)-1)*4+4):INDEX(Subsheet!J:J,(ROW(F7)-1)*4+7)),"0.000") -> 0.849 ± 0.017 | J10: =TEXT(AVERAGE(INDEX(Subsheet!K:K,(ROW(G7)-1)*4+4):INDEX(Subsheet!K:K,(ROW(G7)-1)*4+7)),"0.000") & " ± " & TEXT(_xlfn.STDEV.S(INDEX(Subsheet!K:K,(ROW(G7)-1)*4+4):INDEX(Subsheet!K:K,(ROW(G7)-1)*4+7)),"0.000") -> 0.391 ± 0.071 | K10: =TEXT(AVERAGE(INDEX(Subsheet!L:L,(ROW(H7)-1)*4+4):INDEX(Subsheet!L:L,(ROW(H7)-1)*4+7)),"0.000") & " ± " & TEXT(_xlfn.STDEV.S(INDEX(Subsheet!L:L,(ROW(H7)-1)*4+4):INDEX(Subsheet!L:L,(ROW(H7)-1)*4+7)),"0.000") -> 0.882 ± 0.002 | L10: =TEXT(AVERAGE(INDEX(Subsheet!M:M,(ROW(I7)-1)*4+4):INDEX(Subsheet!M:M,(ROW(I7)-1)*4+7)),"0.000") & " ± " & TEXT(_xlfn.STDEV.S(INDEX(Subsheet!M:M,(ROW(I7)-1)*4+4):INDEX(Subsheet!M:M,(ROW(I7)-1)*4+7)),"0.000") -> 0.333 ± 0.010 | M10: =TEXT(AVERAGE(INDEX(Subsheet!N:N,(ROW(J7)-1)*4+4):INDEX(Subsheet!N:N,(ROW(J7)-1)*4+7)),"0.000") & " ± " & TEXT(_xlfn.STDEV.S(INDEX(Subsheet!N:N,(ROW(J7)-1)*4+4):INDEX(Subsheet!N:N,(ROW(J7)-1)*4+7)),"0.000") -> 0.416 ± 0.060 | N10: =TEXT(AVERAGE(INDEX(Subsheet!O:O,(ROW(K7)-1)*4+4):INDEX(Subsheet!O:O,(ROW(K7)-1)*4+7)),"0.000") & " ± " & TEXT(_xlfn.STDEV.S(INDEX(Subsheet!O:O,(ROW(K7)-1)*4+4):INDEX(Subsheet!O:O,(ROW(K7)-1)*4+7)),"0.000") -> 0.369 ± 0.030 | O10: =TEXT(AVERAGE(INDEX(Subsheet!P:P,(ROW(L7)-1)*4+4):INDEX(Subsheet!P:P,(ROW(L7)-1)*4+7)),"0.000") & " ± " & TEXT(_xlfn.STDEV.S(INDEX(Subsheet!P:P,(ROW(L7)-1)*4+4):INDEX(Subsheet!P:P,(ROW(L7)-1)*4+7)),"0.000") -> 0.821 ± 0.009 | P10: =TEXT(AVERAGE(INDEX(Subsheet!Q:Q,(ROW(M7)-1)*4+4):INDEX(Subsheet!Q:Q,(ROW(M7)-1)*4+7)),"0.000") & " ± " & TEXT(_xlfn.STDEV.S(INDEX(Subsheet!Q:Q,(ROW(M7)-1)*4+4):INDEX(Subsheet!Q:Q,(ROW(M7)-1)*4+7)),"0.000") -> 0.336 ± 0.047 | Q10: =TEXT(AVERAGE(INDEX(Subsheet!R:R,(ROW(H7)-1)*4+4):INDEX(Subsheet!R:R,(ROW(H7)-1)*4+7)),"0.000") & " ± " & TEXT(_xlfn.STDEV.S(INDEX(Subsheet!R:R,(ROW(H7)-1)*4+4):INDEX(Subsheet!R:R,(ROW(H7)-1)*4+7)),"0.000") -> 0.678 ± 0.020 | R10: =TEXT(AVERAGE(INDEX(Subsheet!S:S,(ROW(I7)-1)*4+4):INDEX(Subsheet!S:S,(ROW(I7)-1)*4+7)),"0.000") & " ± " & TEXT(_xlfn.STDEV.S(INDEX(Subsheet!S:S,(ROW(I7)-1)*4+4):INDEX(Subsheet!S:S,(ROW(I7)-1)*4+7)),"0.000") -> 0.938 ± 0.018 | S10: =TEXT(AVERAGE(INDEX(Subsheet!T:T,(ROW(J7)-1)*4+4):INDEX(Subsheet!T:T,(ROW(J7)-1)*4+7)),"0.000") & " ± " & TEXT(_xlfn.STDEV.S(INDEX(Subsheet!T:T,(ROW(J7)-1)*4+4):INDEX(Subsheet!T:T,(ROW(J7)-1)*4+7)),"0.000") -> 0.356 ± 0.038 | T10: =TEXT(AVERAGE(INDEX(Subsheet!U:U,(ROW(K7)-1)*4+4):INDEX(Subsheet!U:U,(ROW(K7)-1)*4+7)),"0.000") & " ± " & TEXT(_xlfn.STDEV.S(INDEX(Subsheet!U:U,(ROW(K7)-1)*4+4):INDEX(Subsheet!U:U,(ROW(K7)-1)*4+7)),"0.000") -> 0.516 ± 0.041 | U10: =TEXT(AVERAGE(INDEX(Subsheet!V:V,(ROW(L7)-1)*4+4):INDEX(Subsheet!V:V,(ROW(L7)-1)*4+7)),"0.000") & " ± " & TEXT(_xlfn.STDEV.S(INDEX(Subsheet!V:V,(ROW(L7)-1)*4+4):INDEX(Subsheet!V:V,(ROW(L7)-1)*4+7)),"0.000") -> 0.828 ± 0.009 | V10: =TEXT(AVERAGE(INDEX(Subsheet!W:W,(ROW(M7)-1)*4+4):INDEX(Subsheet!W:W,(ROW(M7)-1)*4+7)),"0.000") & " ± " & TEXT(_xlfn.STDEV.S(INDEX(Subsheet!W:W,(ROW(M7)-1)*4+4):INDEX(Subsheet!W:W,(ROW(M7)-1)*4+7)),"0.000") -> 0.836 ± 0.024
C11: 34 | D11: =TEXT(AVERAGE(INDEX(Subsheet!E:E,(ROW(A8)-1)*4+4):INDEX(Subsheet!E:E,(ROW(A8)-1)*4+7)),"0.000") & " ± " & TEXT(_xlfn.STDEV.S(INDEX(Subsheet!E:E,(ROW(A8)-1)*4+4):INDEX(Subsheet!E:E,(ROW(A8)-1)*4+7)),"0.000") -> 30.000 ± 10.985 | E11: =TEXT(AVERAGE(INDEX(Subsheet!F:F,(ROW(B8)-1)*4+4):INDEX(Subsheet!F:F,(ROW(B8)-1)*4+7)),"0.000") & " ± " & TEXT(_xlfn.STDEV.S(INDEX(Subsheet!F:F,(ROW(B8)-1)*4+4):INDEX(Subsheet!F:F,(ROW(B8)-1)*4+7)),"0.000") -> 0.891 ± 0.026 | F11: =TEXT(AVERAGE(INDEX(Subsheet!G:G,(ROW(C8)-1)*4+4):INDEX(Subsheet!G:G,(ROW(C8)-1)*4+7)),"0.000") & " ± " & TEXT(_xlfn.STDEV.S(INDEX(Subsheet!G:G,(ROW(C8)-1)*4+4):INDEX(Subsheet!G:G,(ROW(C8)-1)*4+7)),"0.000") -> 0.432 ± 0.058 | G11: =TEXT(AVERAGE(INDEX(Subsheet!H:H,(ROW(D8)-1)*4+4):INDEX(Subsheet!H:H,(ROW(D8)-1)*4+7)),"0.000") & " ± " & TEXT(_xlfn.STDEV.S(INDEX(Subsheet!H:H,(ROW(D8)-1)*4+4):INDEX(Subsheet!H:H,(ROW(D8)-1)*4+7)),"0.000") -> 0.495 ± 0.036 | H11: =TEXT(AVERAGE(INDEX(Subsheet!I:I,(ROW(E8)-1)*4+4):INDEX(Subsheet!I:I,(ROW(E8)-1)*4+7)),"0.000") & " ± " & TEXT(_xlfn.STDEV.S(INDEX(Subsheet!I:I,(ROW(E8)-1)*4+4):INDEX(Subsheet!I:I,(ROW(E8)-1)*4+7)),"0.000") -> 0.457 ± 0.020 | I11: =TEXT(AVERAGE(INDEX(Subsheet!J:J,(ROW(F8)-1)*4+4):INDEX(Subsheet!J:J,(ROW(F8)-1)*4+7)),"0.000") & " ± " & TEXT(_xlfn.STDEV.S(INDEX(Subsheet!J:J,(ROW(F8)-1)*4+4):INDEX(Subsheet!J:J,(ROW(F8)-1)*4+7)),"0.000") -> 0.857 ± 0.013 | J11: =TEXT(AVERAGE(INDEX(Subsheet!K:K,(ROW(G8)-1)*4+4):INDEX(Subsheet!K:K,(ROW(G8)-1)*4+7)),"0.000") & " ± " & TEXT(_xlfn.STDEV.S(INDEX(Subsheet!K:K,(ROW(G8)-1)*4+4):INDEX(Subsheet!K:K,(ROW(G8)-1)*4+7)),"0.000") -> 0.445 ± 0.058 | K11: =TEXT(AVERAGE(INDEX(Subsheet!L:L,(ROW(H8)-1)*4+4):INDEX(Subsheet!L:L,(ROW(H8)-1)*4+7)),"0.000") & " ± " & TEXT(_xlfn.STDEV.S(INDEX(Subsheet!L:L,(ROW(H8)-1)*4+4):INDEX(Subsheet!L:L,(ROW(H8)-1)*4+7)),"0.000") -> 0.885 ± 0.018 | L11: =TEXT(AVERAGE(INDEX(Subsheet!M:M,(ROW(I8)-1)*4+4):INDEX(Subsheet!M:M,(ROW(I8)-1)*4+7)),"0.000") & " ± " & TEXT(_xlfn.STDEV.S(INDEX(Subsheet!M:M,(ROW(I8)-1)*4+4):INDEX(Subsheet!M:M,(ROW(I8)-1)*4+7)),"0.000") -> 0.357 ± 0.052 | M11: =TEXT(AVERAGE(INDEX(Subsheet!N:N,(ROW(J8)-1)*4+4):INDEX(Subsheet!N:N,(ROW(J8)-1)*4+7)),"0.000") & " ± " & TEXT(_xlfn.STDEV.S(INDEX(Subsheet!N:N,(ROW(J8)-1)*4+4):INDEX(Subsheet!N:N,(ROW(J8)-1)*4+7)),"0.000") -> 0.436 ± 0.118 | N11: =TEXT(AVERAGE(INDEX(Subsheet!O:O,(ROW(K8)-1)*4+4):INDEX(Subsheet!O:O,(ROW(K8)-1)*4+7)),"0.000") & " ± " & TEXT(_xlfn.STDEV.S(INDEX(Subsheet!O:O,(ROW(K8)-1)*4+4):INDEX(Subsheet!O:O,(ROW(K8)-1)*4+7)),"0.000") -> 0.385 ± 0.045 | O11: =TEXT(AVERAGE(INDEX(Subsheet!P:P,(ROW(L8)-1)*4+4):INDEX(Subsheet!P:P,(ROW(L8)-1)*4+7)),"0.000") & " ± " & TEXT(_xlfn.STDEV.S(INDEX(Subsheet!P:P,(ROW(L8)-1)*4+4):INDEX(Subsheet!P:P,(ROW(L8)-1)*4+7)),"0.000") -> 0.827 ± 0.014 | P11: =TEXT(AVERAGE(INDEX(Subsheet!Q:Q,(ROW(M8)-1)*4+4):INDEX(Subsheet!Q:Q,(ROW(M8)-1)*4+7)),"0.000") & " ± " & TEXT(_xlfn.STDEV.S(INDEX(Subsheet!Q:Q,(ROW(M8)-1)*4+4):INDEX(Subsheet!Q:Q,(ROW(M8)-1)*4+7)),"0.000") -> 0.350 ± 0.034 | Q11: =TEXT(AVERAGE(INDEX(Subsheet!R:R,(ROW(H8)-1)*4+4):INDEX(Subsheet!R:R,(ROW(H8)-1)*4+7)),"0.000") & " ± " & TEXT(_xlfn.STDEV.S(INDEX(Subsheet!R:R,(ROW(H8)-1)*4+4):INDEX(Subsheet!R:R,(ROW(H8)-1)*4+7)),"0.000") -> 0.681 ± 0.055 | R11: =TEXT(AVERAGE(INDEX(Subsheet!S:S,(ROW(I8)-1)*4+4):INDEX(Subsheet!S:S,(ROW(I8)-1)*4+7)),"0.000") & " ± " & TEXT(_xlfn.STDEV.S(INDEX(Subsheet!S:S,(ROW(I8)-1)*4+4):INDEX(Subsheet!S:S,(ROW(I8)-1)*4+7)),"0.000") -> 0.939 ± 0.013 | S11: =TEXT(AVERAGE(INDEX(Subsheet!T:T,(ROW(J8)-1)*4+4):INDEX(Subsheet!T:T,(ROW(J8)-1)*4+7)),"0.000") & " ± " & TEXT(_xlfn.STDEV.S(INDEX(Subsheet!T:T,(ROW(J8)-1)*4+4):INDEX(Subsheet!T:T,(ROW(J8)-1)*4+7)),"0.000") -> 0.362 ± 0.121 | T11: =TEXT(AVERAGE(INDEX(Subsheet!U:U,(ROW(K8)-1)*4+4):INDEX(Subsheet!U:U,(ROW(K8)-1)*4+7)),"0.000") & " ± " & TEXT(_xlfn.STDEV.S(INDEX(Subsheet!U:U,(ROW(K8)-1)*4+4):INDEX(Subsheet!U:U,(ROW(K8)-1)*4+7)),"0.000") -> 0.513 ± 0.135 | U11: =TEXT(AVERAGE(INDEX(Subsheet!V:V,(ROW(L8)-1)*4+4):INDEX(Subsheet!V:V,(ROW(L8)-1)*4+7)),"0.000") & " ± " & TEXT(_xlfn.STDEV.S(INDEX(Subsheet!V:V,(ROW(L8)-1)*4+4):INDEX(Subsheet!V:V,(ROW(L8)-1)*4+7)),"0.000") -> 0.827 ± 0.022 | V11: =TEXT(AVERAGE(INDEX(Subsheet!W:W,(ROW(M8)-1)*4+4):INDEX(Subsheet!W:W,(ROW(M8)-1)*4+7)),"0.000") & " ± " & TEXT(_xlfn.STDEV.S(INDEX(Subsheet!W:W,(ROW(M8)-1)*4+4):INDEX(Subsheet!W:W,(ROW(M8)-1)*4+7)),"0.000") -> 0.844 ± 0.027
C12: 50 | D12: =TEXT(AVERAGE(INDEX(Subsheet!E:E,(ROW(A9)-1)*4+4):INDEX(Subsheet!E:E,(ROW(A9)-1)*4+7)),"0.000") & " ± " & TEXT(_xlfn.STDEV.S(INDEX(Subsheet!E:E,(ROW(A9)-1)*4+4):INDEX(Subsheet!E:E,(ROW(A9)-1)*4+7)),"0.000") -> 20.750 ± 7.500 | E12: =TEXT(AVERAGE(INDEX(Subsheet!F:F,(ROW(B9)-1)*4+4):INDEX(Subsheet!F:F,(ROW(B9)-1)*4+7)),"0.000") & " ± " & TEXT(_xlfn.STDEV.S(INDEX(Subsheet!F:F,(ROW(B9)-1)*4+4):INDEX(Subsheet!F:F,(ROW(B9)-1)*4+7)),"0.000") -> 0.895 ± 0.022 | F12: =TEXT(AVERAGE(INDEX(Subsheet!G:G,(ROW(C9)-1)*4+4):INDEX(Subsheet!G:G,(ROW(C9)-1)*4+7)),"0.000") & " ± " & TEXT(_xlfn.STDEV.S(INDEX(Subsheet!G:G,(ROW(C9)-1)*4+4):INDEX(Subsheet!G:G,(ROW(C9)-1)*4+7)),"0.000") -> 0.432 ± 0.057 | G12: =TEXT(AVERAGE(INDEX(Subsheet!H:H,(ROW(D9)-1)*4+4):INDEX(Subsheet!H:H,(ROW(D9)-1)*4+7)),"0.000") & " ± " & TEXT(_xlfn.STDEV.S(INDEX(Subsheet!H:H,(ROW(D9)-1)*4+4):INDEX(Subsheet!H:H,(ROW(D9)-1)*4+7)),"0.000") -> 0.375 ± 0.086 | H12: =TEXT(AVERAGE(INDEX(Subsheet!I:I,(ROW(E9)-1)*4+4):INDEX(Subsheet!I:I,(ROW(E9)-1)*4+7)),"0.000") & " ± " & TEXT(_xlfn.STDEV.S(INDEX(Subsheet!I:I,(ROW(E9)-1)*4+4):INDEX(Subsheet!I:I,(ROW(E9)-1)*4+7)),"0.000") -> 0.396 ± 0.055 | I12: =TEXT(AVERAGE(INDEX(Subsheet!J:J,(ROW(F9)-1)*4+4):INDEX(Subsheet!J:J,(ROW(F9)-1)*4+7)),"0.000") & " ± " & TEXT(_xlfn.STDEV.S(INDEX(Subsheet!J:J,(ROW(F9)-1)*4+4):INDEX(Subsheet!J:J,(ROW(F9)-1)*4+7)),"0.000") -> 0.850 ± 0.024 | J12: =TEXT(AVERAGE(INDEX(Subsheet!K:K,(ROW(G9)-1)*4+4):INDEX(Subsheet!K:K,(ROW(G9)-1)*4+7)),"0.000") & " ± " & TEXT(_xlfn.STDEV.S(INDEX(Subsheet!K:K,(ROW(G9)-1)*4+4):INDEX(Subsheet!K:K,(ROW(G9)-1)*4+7)),"0.000") -> 0.436 ± 0.042 | K12: =TEXT(AVERAGE(INDEX(Subsheet!L:L,(ROW(H9)-1)*4+4):INDEX(Subsheet!L:L,(ROW(H9)-1)*4+7)),"0.000") & " ± " & TEXT(_xlfn.STDEV.S(INDEX(Subsheet!L:L,(ROW(H9)-1)*4+4):INDEX(Subsheet!L:L,(ROW(H9)-1)*4+7)),"0.000") -> 0.889 ± 0.012 | L12: =TEXT(AVERAGE(INDEX(Subsheet!M:M,(ROW(I9)-1)*4+4):INDEX(Subsheet!M:M,(ROW(I9)-1)*4+7)),"0.000") & " ± " & TEXT(_xlfn.STDEV.S(INDEX(Subsheet!M:M,(ROW(I9)-1)*4+4):INDEX(Subsheet!M:M,(ROW(I9)-1)*4+7)),"0.000") -> 0.349 ± 0.020 | M12: =TEXT(AVERAGE(INDEX(Subsheet!N:N,(ROW(J9)-1)*4+4):INDEX(Subsheet!N:N,(ROW(J9)-1)*4+7)),"0.000") & " ± " & TEXT(_xlfn.STDEV.S(INDEX(Subsheet!N:N,(ROW(J9)-1)*4+4):INDEX(Subsheet!N:N,(ROW(J9)-1)*4+7)),"0.000") -> 0.364 ± 0.110 | N12: =TEXT(AVERAGE(INDEX(Subsheet!O:O,(ROW(K9)-1)*4+4):INDEX(Subsheet!O:O,(ROW(K9)-1)*4+7)),"0.000") & " ± " & TEXT(_xlfn.STDEV.S(INDEX(Subsheet!O:O,(ROW(K9)-1)*4+4):INDEX(Subsheet!O:O,(ROW(K9)-1)*4+7)),"0.000") -> 0.350 ± 0.041 | O12: =TEXT(AVERAGE(INDEX(Subsheet!P:P,(ROW(L9)-1)*4+4):INDEX(Subsheet!P:P,(ROW(L9)-1)*4+7)),"0.000") & " ± " & TEXT(_xlfn.STDEV.S(INDEX(Subsheet!P:P,(ROW(L9)-1)*4+4):INDEX(Subsheet!P:P,(ROW(L9)-1)*4+7)),"0.000") -> 0.827 ± 0.027 | P12: =TEXT(AVERAGE(INDEX(Subsheet!Q:Q,(ROW(M9)-1)*4+4):INDEX(Subsheet!Q:Q,(ROW(M9)-1)*4+7)),"0.000") & " ± " & TEXT(_xlfn.STDEV.S(INDEX(Subsheet!Q:Q,(ROW(M9)-1)*4+4):INDEX(Subsheet!Q:Q,(ROW(M9)-1)*4+7)),"0.000") -> 0.327 ± 0.039 | Q12: =TEXT(AVERAGE(INDEX(Subsheet!R:R,(ROW(H9)-1)*4+4):INDEX(Subsheet!R:R,(ROW(H9)-1)*4+7)),"0.000") & " ± " & TEXT(_xlfn.STDEV.S(INDEX(Subsheet!R:R,(ROW(H9)-1)*4+4):INDEX(Subsheet!R:R,(ROW(H9)-1)*4+7)),"0.000") -> 0.668 ± 0.030 | R12: =TEXT(AVERAGE(INDEX(Subsheet!S:S,(ROW(I9)-1)*4+4):INDEX(Subsheet!S:S,(ROW(I9)-1)*4+7)),"0.000") & " ± " & TEXT(_xlfn.STDEV.S(INDEX(Subsheet!S:S,(ROW(I9)-1)*4+4):INDEX(Subsheet!S:S,(ROW(I9)-1)*4+7)),"0.000") -> 0.916 ± 0.049 | S12: =TEXT(AVERAGE(INDEX(Subsheet!T:T,(ROW(J9)-1)*4+4):INDEX(Subsheet!T:T,(ROW(J9)-1)*4+7)),"0.000") & " ± " & TEXT(_xlfn.STDEV.S(INDEX(Subsheet!T:T,(ROW(J9)-1)*4+4):INDEX(Subsheet!T:T,(ROW(J9)-1)*4+7)),"0.000") -> 0.348 ± 0.082 | T12: =TEXT(AVERAGE(INDEX(Subsheet!U:U,(ROW(K9)-1)*4+4):INDEX(Subsheet!U:U,(ROW(K9)-1)*4+7)),"0.000") & " ± " & TEXT(_xlfn.STDEV.S(INDEX(Subsheet!U:U,(ROW(K9)-1)*4+4):INDEX(Subsheet!U:U,(ROW(K9)-1)*4+7)),"0.000") -> 0.499 ± 0.080 | U12: =TEXT(AVERAGE(INDEX(Subsheet!V:V,(ROW(L9)-1)*4+4):INDEX(Subsheet!V:V,(ROW(L9)-1)*4+7)),"0.000") & " ± " & TEXT(_xlfn.STDEV.S(INDEX(Subsheet!V:V,(ROW(L9)-1)*4+4):INDEX(Subsheet!V:V,(ROW(L9)-1)*4+7)),"0.000") -> 0.802 ± 0.032 | V12: =TEXT(AVERAGE(INDEX(Subsheet!W:W,(ROW(M9)-1)*4+4):INDEX(Subsheet!W:W,(ROW(M9)-1)*4+7)),"0.000") & " ± " & TEXT(_xlfn.STDEV.S(INDEX(Subsheet!W:W,(ROW(M9)-1)*4+4):INDEX(Subsheet!W:W,(ROW(M9)-1)*4+7)),"0.000") -> 0.818 ± 0.032
